regime,obj_id,alt_km,B,delta,rho,v_ms,v_rel_ms,T_s,extra_dv_sim,extra_dv_pred,Pi_benefit
low,pop1574,800.0,50.0,1.0,2.074925781754894e-15,7451.831696831401,6987.442754886297,86400.0,8.75175915209786e-05,8.752917504949701e-05,0.9998676609426301
low,pop1881,450.0,30.0,0.5,1.771321797228167e-13,7640.42992691429,7734.934396652178,86400.0,0.007634297965679582,0.007630328447813428,1.0005202289643629
low,pop1284,500.0,30.0,0.5,6.702893065196482e-14,7612.608560598105,7689.525085667312,86400.0,0.002861650140726346,0.0028536047780454597,1.0028193682400535
low,pop1019,800.0,200.0,0.5,2.074925781754894e-15,7451.831696831401,7229.962037756272,86400.0,1.1727593682065307e-05,1.171381488148994e-05,1.0011762863520355
low,pop1721,350.0,120.0,2.0,1.7178436628102385e-12,7697.000192297669,7390.112145935511,86400.0,0.06788590269493591,0.0675488860375051,1.0049892259843292
low,pop0713,450.0,20.0,2.0,1.771321797228167e-13,7640.42992691429,7723.862118913514,86400.0,0.046880547994582945,0.04565099404072809,1.026933782707073
low,pop0910,500.0,20.0,2.0,6.702893065196482e-14,7612.608560598105,7306.901165259041,86400.0,0.016067855131799366,0.01546010729967317,1.0393107124255885
low,pop0238,800.0,10.0,2.0,2.074925781754894e-15,7451.831696831401,6985.393651943447,86400.0,0.0008823998272695354,0.0008747784582995273,1.0087123418480413
low,pop0512,800.0,200.0,5.0,2.074925781754894e-15,7451.831696831401,7216.004229097984,86400.0,0.0001170119503133674,0.00011668630310898187,1.002790792027076
low,pop0584,400.0,10.0,0.5,5.241092094789352e-13,7668.558571385414,7642.392052280231,86400.0,0.06659803537740819,0.06612020149754202,1.0072267456699133
low,pop1114,350.0,20.0,1.0,1.7178436628102385e-12,7697.000192297669,7493.12777621568,86400.0,0.2107728490314537,0.20833568511402684,1.0116982547473465
low,pop0932,600.0,10.0,2.0,1.3926418676027282e-14,7557.865585610068,7537.619053766785,86400.0,0.006895510127989964,0.00683630702922744,1.0086600994527326
low,pop1888,800.0,200.0,1.0,2.074925781754894e-15,7451.831696831401,7136.409078463959,86400.0,2.29915616330911e-05,2.282526309936002e-05,1.0072857225350336
low,pop0644,400.0,30.0,2.0,5.241092094789352e-13,7668.558571385414,7371.634757068541,86400.0,0.09120686705495258,0.08202417990852696,1.111950977829539
low,pop1266,450.0,30.0,0.5,1.771321797228167e-13,7640.42992691429,7728.624162773339,86400.0,0.007969558547038453,0.007617883735463659,1.0461643710756092
low,pop0792,450.0,120.0,2.0,1.771321797228167e-13,7640.42992691429,7206.74109447159,86400.0,0.007150546539440729,0.006623809040622041,1.0795218424305937
low,pop1862,500.0,3.0,1.0,6.702893065196482e-14,7612.608560598105,7681.267576120229,86400.0,0.06005347187369706,0.05694958595809274,1.0545023438429977
low,pop0081,450.0,5.0,0.5,1.771321797228167e-13,7640.42992691429,7636.673579053872,86400.0,0.045122478309487596,0.04462617548492521,1.0111213389713407
low,pop0185,550.0,30.0,2.0,2.871593255478748e-14,7585.0889183470845,7566.194233306621,86400.0,0.005659145717273999,0.004734459265598037,1.1953098336688632
low,pop0537,500.0,3.0,1.0,6.702893065196482e-14,7612.608560598105,7582.0201450712375,86400.0,0.05749693529272049,0.05548743521885105,1.0362154074331182
low,pop1983,800.0,20.0,2.0,2.074925781754894e-15,7451.831696831401,6987.483312526173,86400.0,0.00043896417624885814,0.0004376509557714872,1.0030006114691465
low,pop0863,350.0,3.0,1.0,1.7178436628102385e-12,7697.000192297669,7397.660692950834,86400.0,1.4513881213604494,1.3537390123015858,1.0721328913265515
low,pop1873,600.0,50.0,2.0,1.3926418676027282e-14,7557.865585610068,7643.566767403485,86400.0,0.0014177913783422426,0.001405967600000011,1.0084097089735435
low,pop1641,700.0,20.0,5.0,4.540075427576922e-15,7504.286861489279,7492.976307162483,86400.0,0.0028279068694413195,0.0027529323697200736,1.0272344139456173
low,pop0882,400.0,3.0,5.0,5.241092094789352e-13,7668.558571385414,7739.62958680659,86400.0,2.6880591747446565,2.2604486190809614,1.1891706593346723
low,pop1639,550.0,3.0,0.5,2.871593255478748e-14,7585.0889183470845,7638.018640718195,86400.0,0.012167123956418786,0.012061931254903306,1.0087210496638106
low,pop1144,600.0,20.0,5.0,1.3926418676027282e-14,7557.865585610068,7634.236091668019,86400.0,0.008766798534214935,0.008765856886825713,1.000107422172342
low,pop0099,600.0,120.0,5.0,1.3926418676027282e-14,7557.865585610068,7239.670884685355,86400.0,0.001381438751443415,0.0013138615395050636,1.051434043775882
low,pop0810,550.0,30.0,1.0,2.871593255478748e-14,7585.0889183470845,7650.643453036475,86400.0,0.0024246371580867363,0.002420367664813953,1.0017639854204181
low,pop1079,550.0,3.0,1.0,2.871593255478748e-14,7585.0889183470845,7274.147449404813,86400.0,0.021984192471942138,0.021880115838928755,1.0047566765084586
low,pop0033,500.0,200.0,2.0,6.702893065196482e-14,7612.608560598105,7295.961075682391,86400.0,0.0016478795191565935,0.00154138473768444,1.0690903308359834
low,pop1672,550.0,5.0,5.0,2.871593255478748e-14,7585.0889183470845,7643.240928837286,86400.0,0.07854841765010286,0.07247058558229649,1.083866192317495
low,pop1977,500.0,200.0,1.0,6.702893065196482e-14,7612.608560598105,7390.044439338349,86400.0,0.0008027186386174659,0.0007906970928870231,1.0152037307820991
low,pop1683,550.0,120.0,5.0,2.871593255478748e-14,7585.0889183470845,7648.272902066864,86400.0,0.003121299332882549,0.003023584994895453,1.0323173776004515
low,pop0134,350.0,20.0,2.0,1.7178436628102385e-12,7697.000192297669,7384.38321935229,86400.0,0.41178758381108316,0.40466518078589386,1.0176007310818218
low,pop0947,500.0,20.0,1.0,6.702893065196482e-14,7612.608560598105,7391.783984571132,86400.0,0.008027626348166053,0.007910693816476744,1.0147815772424105
low,pop1609,700.0,120.0,0.5,4.540075427576922e-15,7504.286861489279,7577.647650353339,86400.0,4.8452614728918285e-05,4.6925011524990464e-05,1.032554135934826
low,pop1815,600.0,200.0,0.5,1.3926418676027282e-14,7557.865585610068,7643.126619074072,86400.0,9.168557015040398e-05,8.786285510944997e-05,1.043507748936591
low,pop1617,500.0,50.0,0.5,6.702893065196482e-14,7612.608560598105,7174.1861063169945,86400.0,0.001498631847248218,0.0014903604423962785,1.005549935852189
low,pop1251,800.0,5.0,0.5,2.074925781754894e-15,7451.831696831401,7438.2342509952,86400.0,0.0004964195081778495,0.0004959364359141756,1.0009740608446795
low,pop1214,600.0,20.0,2.0,1.3926418676027282e-14,7557.865585610068,7112.2380682071425,86400.0,0.003111781156590447,0.003043236926208491,1.0225234617100134
low,pop0868,500.0,50.0,1.0,6.702893065196482e-14,7612.608560598105,7655.36556376777,86400.0,0.003521417507596777,0.0033939692394219815,1.03755139165507
low,pop0050,600.0,30.0,0.5,1.3926418676027282e-14,7557.865585610068,7620.273291019223,86400.0,0.0006214177054238091,0.0005822547469354102,1.067260865960348
low,pop1798,550.0,30.0,0.5,2.871593255478748e-14,7585.0889183470845,7362.659699867531,86400.0,0.001138317337600144,0.0011207916248207304,1.0156369055507681
low,pop1595,450.0,3.0,2.0,1.771321797228167e-13,7640.42992691429,7204.961159348044,86400.0,0.28947914542729125,0.26482150087374945,1.0931104327714578
low,pop1627,600.0,80.0,1.0,1.3926418676027282e-14,7557.865585610068,7616.103616318237,86400.0,0.0004456833649962921,0.00043621329216733294,1.0217097300770157
low,pop1206,400.0,50.0,0.5,5.241092094789352e-13,7668.558571385414,7752.437199985439,86400.0,0.013956609108074726,0.013607616198824191,1.025646880699111
low,pop0057,600.0,50.0,0.5,1.3926418676027282e-14,7557.865585610068,7111.291414302868,86400.0,0.0003196666536129078,0.0003042426857601735,1.0506962651023026
low,pop1297,700.0,120.0,5.0,4.540075427576922e-15,7504.286861489279,7592.90039266443,86400.0,0.0004808207220750892,0.00047114108584924385,1.0205450904550122
low,pop1849,600.0,200.0,0.5,1.3926418676027282e-14,7557.865585610068,7248.089217246916,86400.0,7.90271642331243e-05,7.901513088584424e-05,1.0001522916831898
low,pop0491,500.0,200.0,2.0,6.702893065196482e-14,7612.608560598105,7400.630518387303,86400.0,0.0016570808573088593,0.0015859280568182616,1.0448650871549285
low,pop1526,800.0,30.0,2.0,2.074925781754894e-15,7451.831696831401,6989.921853659218,86400.0,0.00029659305817917095,0.0002919709853992782,1.0158305893771327
low,pop0710,700.0,10.0,5.0,4.540075427576922e-15,7504.286861489279,7575.037471711,86400.0,0.005629072006283315,0.005627122768205031,1.0003464004889493
low,pop1135,700.0,3.0,0.5,4.540075427576922e-15,7504.286861489279,7275.274130003449,86400.0,0.0017452406822617789,0.001730191956475051,1.0086977203485485
low,pop1968,550.0,30.0,2.0,2.871593255478748e-14,7585.0889183470845,7555.5896311347915,86400.0,0.004775637555426014,0.004721197149680679,1.0115310596061462
low,pop1527,450.0,20.0,0.5,1.771321797228167e-13,7640.42992691429,7707.671082338006,86400.0,0.012931927852196568,0.011364951035278273,1.137878008629707
low,pop0689,400.0,50.0,2.0,5.241092094789352e-13,7668.558571385414,7447.619460156564,86400.0,0.051567554346965735,0.05023431508493228,1.026540408877464
low,pop0440,700.0,20.0,5.0,4.540075427576922e-15,7504.286861489279,7179.73594122783,86400.0,0.0025438778515642266,0.0025275733489794976,1.0064506545740055
low,pop1132,800.0,80.0,0.5,2.074925781754894e-15,7451.831696831401,7126.889917698816,86400.0,2.8477648960400766e-05,2.8455513855054852e-05,1.0007778845765591
low,pop0618,400.0,50.0,2.0,5.241092094789352e-13,7668.558571385414,7747.665334132863,86400.0,0.055366889305539416,0.05436347813493253,1.018457449836384
low,pop0302,350.0,30.0,5.0,1.7178436628102385e-12,7697.000192297669,7675.2237807591655,86400.0,0.7591742602589486,0.7286151999503719,1.0419412885027077
low,pop1696,800.0,120.0,1.0,2.074925781754894e-15,7451.831696831401,7518.780525603088,86400.0,4.2856366554382466e-05,4.2227938806646044e-05,1.0148818001895352
low,pop1395,700.0,30.0,1.0,4.540075427576922e-15,7504.286861489279,7491.849491925644,86400.0,0.00036711726799270976,0.00036694725923592354,1.0004633056999532
low,pop0359,700.0,20.0,2.0,4.540075427576922e-15,7504.286861489279,7179.9858024324085,86400.0,0.00101733341888817,0.0010110997102590132,1.006165275853516
low,pop0946,600.0,5.0,0.5,1.3926418676027282e-14,7557.865585610068,7317.109283385368,86400.0,0.0032708147195110015,0.0032210856797611916,1.0154385957698264
low,pop0602,600.0,5.0,0.5,1.3926418676027282e-14,7557.865585610068,7645.873617999144,86400.0,0.003518546033715084,0.003517040945631921,1.0004279415868138
low,pop1171,500.0,5.0,1.0,6.702893065196482e-14,7612.608560598105,7166.525592039547,86400.0,0.03300016949054602,0.029743587236521457,1.1094885505278222
low,pop1490,450.0,3.0,2.0,1.771321797228167e-13,7640.42992691429,7206.508517296025,86400.0,0.2714091228410602,0.2649352607253815,1.0244356379666246
low,pop0524,800.0,3.0,2.0,2.074925781754894e-15,7451.831696831401,7520.73666560711,86400.0,0.0034039544547889338,0.0033799931450649826,1.0070891592661768
low,pop0348,550.0,30.0,2.0,2.871593255478748e-14,7585.0889183470845,7133.779256838893,86400.0,0.004209737055232055,0.004208765664069377,1.0002308019120596
low,pop0606,600.0,50.0,2.0,1.3926418676027282e-14,7557.865585610068,7107.672294359485,86400.0,0.0012158024357401707,0.001215732362531998,1.0000576386796405
low,pop0474,500.0,5.0,5.0,6.702893065196482e-14,7612.608560598105,7171.852359254269,86400.0,0.14963489053184106,0.14893909781141446,1.0046716592933014
low,pop0527,500.0,200.0,5.0,6.702893065196482e-14,7612.608560598105,7291.753524444793,86400.0,0.003851095887084749,0.0038490185740747205,1.000539699398704
low,pop0394,600.0,3.0,0.5,1.3926418676027282e-14,7557.865585610068,7338.407809055968,86400.0,0.005682413001537116,0.005399774568625187,1.0523426356637495
low,pop0222,600.0,30.0,5.0,1.3926418676027282e-14,7557.865585610068,7542.404604646338,86400.0,0.00625967052172529,0.005704158646761252,1.0973871712490764
low,pop1980,450.0,5.0,5.0,1.771321797228167e-13,7640.42992691429,7705.01533404911,86400.0,0.4588780594311348,0.4542848235882733,1.0101109163334596
low,pop1151,600.0,20.0,2.0,1.3926418676027282e-14,7557.865585610068,7250.69943187532,86400.0,0.0031887737689411527,0.0031628820681991764,1.0081861100678717
low,pop1512,500.0,50.0,2.0,6.702893065196482e-14,7612.608560598105,7689.396521326614,86400.0,0.006897209095993611,0.0068484224583676935,1.0071237774717459
low,pop1787,350.0,120.0,1.0,1.7178436628102385e-12,7697.000192297669,7675.073046349877,86400.0,0.03785062136950743,0.036429329077633445,1.039015055392459
low,pop0444,500.0,120.0,2.0,6.702893065196482e-14,7612.608560598105,7309.80599826551,86400.0,0.002649407022267593,0.0025787336610377074,1.0274062274432196
low,pop1671,800.0,30.0,2.0,2.074925781754894e-15,7451.831696831401,7428.185354714594,86400.0,0.00033601831432430876,0.0003297315612761006,1.0190662762881346
low,pop0019,400.0,30.0,5.0,5.241092094789352e-13,7668.558571385414,7654.10204875785,86400.0,0.2275997979985199,0.22107660357779466,1.0295064892220935
low,pop1941,600.0,3.0,1.0,1.3926418676027282e-14,7557.865585610068,7322.670670230167,86400.0,0.010899215895266566,0.010753279762161396,1.0135713137138578
low,pop1795,400.0,3.0,5.0,5.241092094789352e-13,7668.558571385414,7361.324945667796,86400.0,2.16404055805799,2.0448726451710284,1.0582764472733188
low,pop1449,500.0,30.0,0.5,6.702893065196482e-14,7612.608560598105,7584.762846397307,86400.0,0.002810745260162679,0.002776379312819757,1.0123779727014388
low,pop1041,400.0,20.0,5.0,5.241092094789352e-13,7668.558571385414,7439.706174123799,86400.0,0.3183434966223542,0.3132976331876508,1.0161056544965381
low,pop0282,350.0,30.0,1.0,1.7178436628102385e-12,7697.000192297669,7262.5219870907895,86400.0,0.13662017064371368,0.1304731205554842,1.0471135361985568
low,pop1550,550.0,200.0,2.0,2.871593255478748e-14,7585.0889183470845,7362.446638758066,86400.0,0.0006736886800517138,0.0006724360552093397,1.001862816297059
low,pop1307,600.0,5.0,0.5,1.3926418676027282e-14,7557.865585610068,7642.040711580126,86400.0,0.0035850711611372025,0.003513515616656096,1.0203657966231576
low,pop0683,350.0,200.0,5.0,1.7178436628102385e-12,7697.000192297669,7662.892039630513,86400.0,0.10926034484521872,0.10894136347989228,1.0029280096662763
low,pop1834,700.0,3.0,1.0,4.540075427576922e-15,7504.286861489279,7589.765955015818,86400.0,0.003766027981009464,0.0037660174487297686,1.0000027966624794
low,pop0311,700.0,50.0,0.5,4.540075427576922e-15,7504.286861489279,7579.197266774304,86400.0,0.00011311903692806251,0.00011266609358875875,1.0040202276024324
low,pop1927,350.0,10.0,2.0,1.7178436628102385e-12,7697.000192297669,7682.243543538269,86400.0,0.9768180605819261,0.8759383115359365,1.1151676410512281
low,pop0821,700.0,3.0,5.0,4.540075427576922e-15,7504.286861489279,7049.925627256323,86400.0,0.016250391281679415,0.016246680335160715,1.0002284126013528
low,pop1514,700.0,10.0,0.5,4.540075427576922e-15,7504.286861489279,7170.5933112186185,86400.0,0.0005180950753635035,0.0005042280511834811,1.0275014929206634
low,pop0744,500.0,120.0,0.5,6.702893065196482e-14,7612.608560598105,7587.227231842332,86400.0,0.0006961492447034912,0.0006945459418682358,1.0023084186928553
low,pop1544,350.0,10.0,5.0,1.7178436628102385e-12,7697.000192297669,7775.548338132577,86400.0,2.3943520013550614,2.2433624147021303,1.0673050353627234
low,pop0067,350.0,50.0,0.5,1.7178436628102385e-12,7697.000192297669,7765.201282214872,86400.0,0.04645118143990443,0.04474791650723926,1.0380635583868942
low,pop1077,800.0,80.0,5.0,2.074925781754894e-15,7451.831696831401,7435.481736537039,86400.0,0.0003097554480484362,0.00030973091363753144,1.000079212018641
low,pop0547,700.0,30.0,1.0,4.540075427576922e-15,7504.286861489279,7171.165647741629,86400.0,0.0003420148401906682,0.0003362056976773875,1.0172785367809412
low,pop0862,600.0,50.0,2.0,1.3926418676027282e-14,7557.865585610068,7532.157244816653,86400.0,0.001413270019564304,0.001365280670297474,1.0351498049528336
low,pop0280,600.0,5.0,1.0,1.3926418676027282e-14,7557.865585610068,7644.398638793581,86400.0,0.007230973341053025,0.007031368238306392,1.028387803906955
low,pop1637,550.0,3.0,2.0,2.871593255478748e-14,7585.0889183470845,7138.947017073348,86400.0,0.043146502369493335,0.04214865592014843,1.0236744547972145
low,pop1652,800.0,200.0,0.5,2.074925781754894e-15,7451.831696831401,7524.3953908992335,86400.0,1.2749529553837004e-05,1.268730966252905e-05,1.0049041044132243
low,pop0726,700.0,80.0,1.0,4.540075427576922e-15,7504.286861489279,7583.7305012744855,86400.0,0.00014599976448356218,0.0001410011356778844,1.0354509825870983
low,pop1483,400.0,80.0,1.0,5.241092094789352e-13,7668.558571385414,7238.674450583351,86400.0,0.015583735455115379,0.014829743569039456,1.0508432180614409
low,pop1972,400.0,80.0,5.0,5.241092094789352e-13,7668.558571385414,7739.146086068003,86400.0,0.08634335985037338,0.0847562326463116,1.018725787526268
low,pop0649,400.0,120.0,5.0,5.241092094789352e-13,7668.558571385414,7356.289449709434,86400.0,0.05341924866003564,0.0510519005487564,1.0463714001992608
low,pop0054,600.0,3.0,2.0,1.3926418676027282e-14,7557.865585610068,7243.876509527266,86400.0,0.02238835658676842,0.021046215416379976,1.0637711409788135
low,pop0284,600.0,80.0,1.0,1.3926418676027282e-14,7557.865585610068,7612.473590976368,86400.0,0.0004358387412340713,0.00043579757094682197,1.000094471126032
low,pop0543,700.0,30.0,0.5,4.540075427576922e-15,7504.286861489279,7486.620527814647,86400.0,0.00018707920612235005,0.0001832176067960282,1.0210765733373042
low,pop0752,800.0,3.0,2.0,2.074925781754894e-15,7451.831696831401,7429.519348647649,86400.0,0.0033109596474009224,0.003298500018850757,1.0037773619763406
low,pop0987,700.0,120.0,0.5,4.540075427576922e-15,7504.286861489279,7193.52687966611,86400.0,4.254400931722151e-05,4.2288211197866954e-05,1.0060489226691969
low,pop1430,550.0,5.0,5.0,2.871593255478748e-14,7585.0889183470845,7556.730789349171,86400.0,0.07227184740335074,0.07083935083604523,1.0202217630511743
low,pop0631,450.0,30.0,5.0,1.771321797228167e-13,7640.42992691429,7627.872522981084,86400.0,0.08237507994627316,0.074205623132652,1.1100921529762942
low,pop0022,800.0,20.0,0.5,2.074925781754894e-15,7451.831696831401,7524.507034994597,86400.0,0.00012873405194912486,0.00012687686164199882,1.0146377383794878
low,pop0212,350.0,50.0,0.5,1.7178436628102385e-12,7697.000192297669,7389.992878558681,86400.0,0.040649574942544967,0.040528023445315545,1.0029991962818872
low,pop1294,350.0,10.0,2.0,1.7178436628102385e-12,7697.000192297669,7759.144951300631,86400.0,0.9376336857664147,0.89356286081318,1.049320340947394
low,pop0735,350.0,120.0,0.5,1.7178436628102385e-12,7697.000192297669,7487.67017711783,86400.0,0.018129617806637084,0.017336026181867345,1.0457770204338868
low,pop0574,800.0,5.0,1.0,2.074925781754894e-15,7451.831696831401,7228.747421683087,86400.0,0.0009463631478628563,0.0009367903541725108,1.0102187150494322
moderate,pop1574,800.0,50.0,0.5,1.1862327361000867e-14,7451.831696831401,6987.442754886297,86400.0,0.0002501721915994757,0.0002502016547303509,0.9998822424619576
moderate,pop1881,450.0,30.0,0.5,1.2396974333823832e-12,7640.42992691429,7734.934396652178,86400.0,0.053535247473106826,0.05340248512394059,1.0024860706174648
moderate,pop1284,500.0,30.0,1.0,5.51767166230078e-13,7612.608560598105,7689.525085667312,86400.0,0.047134784851976336,0.046980472658833934,1.0032846028234539
moderate,pop1019,800.0,200.0,0.5,1.1862327361000867e-14,7451.831696831401,7229.962037756272,86400.0,6.71022019855359e-05,6.696774795138743e-05,1.0020077431041294
moderate,pop1721,350.0,120.0,2.0,7.345386809660418e-12,7697.000192297669,7390.112145935511,86400.0,0.2914153390051024,0.2888346054119096,1.0089349875147835
moderate,pop0713,450.0,20.0,0.5,1.2396974333823832e-12,7640.42992691429,7723.862118913514,86400.0,0.0814879946678156,0.07987456067017955,1.0201995977705378
moderate,pop0910,500.0,20.0,2.0,5.51767166230078e-13,7612.608560598105,7306.901165259041,86400.0,0.13110570987477096,0.1272641456663841,1.0301857541122172
moderate,pop0238,800.0,10.0,1.0,1.1862327361000867e-14,7451.831696831401,6985.393651943447,86400.0,0.0025383928637001322,0.0025005493044489143,1.0151340984094526
moderate,pop0512,800.0,200.0,5.0,1.1862327361000867e-14,7451.831696831401,7216.004229097984,86400.0,0.0006700989015232186,0.0006670942826943123,1.0045040392443045
moderate,pop0584,400.0,10.0,2.0,2.9242463790656122e-12,7668.558571385414,7642.392052280231,86400.0,1.533252803395487,1.4756600824053794,1.039028446779037
moderate,pop1114,350.0,20.0,0.5,7.345386809660418e-12,7697.000192297669,7493.12777621568,86400.0,0.45650500168799696,0.4454148612437453,1.02489845177883
moderate,pop0932,600.0,10.0,1.0,1.2446840050933205e-13,7557.865585610068,7537.619053766785,86400.0,0.030829151827520596,0.030550000725720533,1.00913751539014
moderate,pop1888,800.0,200.0,1.0,1.1862327361000867e-14,7451.831696831401,7136.409078463959,86400.0,0.00013221022366413258,0.00013049177246069138,1.0131690387143668
moderate,pop0644,400.0,30.0,1.0,2.9242463790656122e-12,7668.558571385414,7371.634757068541,86400.0,0.24596099840668,0.22882531613192023,1.0748854303554458
moderate,pop1266,450.0,30.0,1.0,1.2396974333823832e-12,7640.42992691429,7728.624162773339,86400.0,0.10993542502936376,0.10663077628737855,1.0309915097408549
moderate,pop0792,450.0,120.0,2.0,1.2396974333823832e-12,7640.42992691429,7206.74109447159,86400.0,0.04877073776847453,0.04635814384333707,1.0520425048356248
moderate,pop1862,500.0,3.0,0.5,5.51767166230078e-13,7612.608560598105,7681.267576120229,86400.0,0.24528322223124183,0.2343981274685006,1.0464384885677211
moderate,pop0081,450.0,5.0,0.5,1.2396974333823832e-12,7640.42992691429,7636.673579053872,86400.0,0.3186675456829552,0.3123258308959169,1.020304804021002
moderate,pop0185,550.0,30.0,1.0,2.563696777727604e-13,7585.0889183470845,7566.194233306621,86400.0,0.024381470533982305,0.021134117689437015,1.1536545264043996
moderate,pop0537,500.0,3.0,2.0,5.51767166230078e-13,7612.608560598105,7582.0201450712375,86400.0,0.9541112332027657,0.9135203141177674,1.0444335155526334
moderate,pop1983,800.0,20.0,2.0,1.1862327361000867e-14,7451.831696831401,6987.483312526173,86400.0,0.0025162312266534623,0.0025020455926020972,1.0056696145319288
moderate,pop0863,350.0,3.0,5.0,7.345386809660418e-12,7697.000192297669,7397.660692950834,86400.0,103.74585245998544,28.9424960488422,3.5845509760080154
moderate,pop1873,600.0,50.0,2.0,1.2446840050933205e-13,7557.865585610068,7643.566767403485,86400.0,0.012669320522366983,0.012565939773244461,1.0082270606885002
moderate,pop1641,700.0,20.0,5.0,3.4201324949569735e-14,7504.286861489279,7492.976307162483,86400.0,0.021496585479423708,0.020738407553558217,1.036559119783303
moderate,pop0882,400.0,3.0,1.0,2.9242463790656122e-12,7668.558571385414,7739.62958680659,86400.0,2.9586276399573332,2.5224165383329473,1.1729338097000725
moderate,pop1639,550.0,3.0,1.0,2.563696777727604e-13,7585.0889183470845,7638.018640718195,86400.0,0.2180847538796927,0.21537266277087716,1.0125925503911366
moderate,pop1144,600.0,20.0,2.0,1.2446840050933205e-13,7557.865585610068,7634.236091668019,86400.0,0.03135638368313576,0.031338198604500205,1.0005802847465821
moderate,pop0099,600.0,120.0,1.0,1.2446840050933205e-13,7557.865585610068,7239.670884685355,86400.0,0.002463832088655761,0.0023485470043268066,1.0490878335058063
moderate,pop0810,550.0,30.0,0.5,2.563696777727604e-13,7585.0889183470845,7650.643453036475,86400.0,0.010823704540508863,0.010804261312706547,1.0017995888140403
moderate,pop1079,550.0,3.0,0.5,2.563696777727604e-13,7585.0889183470845,7274.147449404813,86400.0,0.09839346488121403,0.09767048722089378,1.0074022120795318
moderate,pop0033,500.0,200.0,1.0,5.51767166230078e-13,7612.608560598105,7295.961075682391,86400.0,0.006649624432981739,0.006344167216380211,1.048147724702599
moderate,pop1672,550.0,5.0,2.0,2.563696777727604e-13,7585.0889183470845,7643.240928837286,86400.0,0.27742975044462553,0.2588007286657191,1.0719821071406976
moderate,pop1977,500.0,200.0,2.0,5.51767166230078e-13,7612.608560598105,7390.044439338349,86400.0,0.013150358607587117,0.013017683261394679,1.0101919322761448
moderate,pop1683,550.0,120.0,2.0,2.563696777727604e-13,7585.0889183470845,7648.272902066864,86400.0,0.011078031621314972,0.010797566951809374,1.025974802541845
moderate,pop0134,350.0,20.0,2.0,7.345386809660418e-12,7697.000192297669,7384.38321935229,86400.0,1.8154696147453664,1.7303217665401145,1.0492092568282894
moderate,pop0947,500.0,20.0,5.0,5.51767166230078e-13,7612.608560598105,7391.783984571132,86400.0,0.33089502819007005,0.3255953114256662,1.0162770057750472
moderate,pop1609,700.0,120.0,5.0,3.4201324949569735e-14,7504.286861489279,7577.647650353339,86400.0,0.0036893014473117426,0.003534957938540355,1.043662049578762
moderate,pop1815,600.0,200.0,2.0,1.2446840050933205e-13,7557.865585610068,7643.126619074072,86400.0,0.003273222915983702,0.0031411231542196115,1.0420549450875987
moderate,pop1617,500.0,50.0,0.5,5.51767166230078e-13,7612.608560598105,7174.1861063169945,86400.0,0.012324576061761225,0.012268313845437947,1.0045859779128654
moderate,pop1251,800.0,5.0,5.0,1.1862327361000867e-14,7451.831696831401,7438.2342509952,86400.0,0.02841553266386021,0.02835263027136515,1.002218573440736
moderate,pop1214,600.0,20.0,2.0,1.2446840050933205e-13,7557.865585610068,7112.2380682071425,86400.0,0.02780201378395992,0.027199155891251835,1.022164580956793
moderate,pop0868,500.0,50.0,2.0,5.51767166230078e-13,7612.608560598105,7655.36556376777,86400.0,0.057339352356132904,0.05587679144790374,1.026174747517362
moderate,pop0050,600.0,30.0,0.5,1.2446840050933205e-13,7557.865585610068,7620.273291019223,86400.0,0.005540091303717172,0.0052039450145764405,1.0645945120863447
moderate,pop1798,550.0,30.0,2.0,2.563696777727604e-13,7585.0889183470845,7362.659699867531,86400.0,0.040563181300346106,0.040024747537971896,1.0134525211399121
moderate,pop1595,450.0,3.0,2.0,1.2396974333823832e-12,7640.42992691429,7204.961159348044,86400.0,2.0419051413505818,1.853409896786637,1.1017018657830357
moderate,pop1627,600.0,80.0,0.5,1.2446840050933205e-13,7557.865585610068,7616.103616318237,86400.0,0.0019905624596952788,0.0019493443368337059,1.0211446085141238
moderate,pop1206,400.0,50.0,1.0,2.9242463790656122e-12,7668.558571385414,7752.437199985439,86400.0,0.1549553321653248,0.15184630102831848,1.0204748559296581
moderate,pop0057,600.0,50.0,0.5,1.2446840050933205e-13,7557.865585610068,7111.291414302868,86400.0,0.002852245266410344,0.0027191915842957205,1.0489313378590368
moderate,pop1297,700.0,120.0,0.5,3.4201324949569735e-14,7504.286861489279,7592.90039266443,86400.0,0.00036492188262472595,0.0003549203010229087,1.0281797957822978
moderate,pop1849,600.0,200.0,0.5,1.2446840050933205e-13,7557.865585610068,7248.089217246916,86400.0,0.000706326316890833,0.0007062035966451429,1.0001737745974009
moderate,pop0491,500.0,200.0,0.5,5.51767166230078e-13,7612.608560598105,7400.630518387303,86400.0,0.0033617677954372286,0.0032637512684596877,1.0300318617796507
moderate,pop1526,800.0,30.0,1.0,1.1862327361000867e-14,7451.831696831401,6989.921853659218,86400.0,0.000857349462240351,0.0008345974201041018,1.0272610980913544
moderate,pop0710,700.0,10.0,1.0,3.4201324949569735e-14,7504.286861489279,7575.037471711,86400.0,0.008482871077608102,0.008478055371393579,1.0005680201418325
moderate,pop1135,700.0,3.0,5.0,3.4201324949569735e-14,7504.286861489279,7275.274130003449,86400.0,0.13213975269398698,0.13033892998583327,1.013816460733178
moderate,pop1968,550.0,30.0,5.0,2.563696777727604e-13,7585.0889183470845,7555.5896311347915,86400.0,0.10652280942429947,0.10537458514154356,1.0108965959981107
moderate,pop1527,450.0,20.0,5.0,1.2396974333823832e-12,7640.42992691429,7707.671082338006,86400.0,0.878419929025499,0.7954003982222824,1.1043745150100064
moderate,pop0689,400.0,50.0,2.0,2.9242463790656122e-12,7668.558571385414,7447.619460156564,86400.0,0.2867144089904277,0.2802803525204194,1.0229557884173832
moderate,pop0440,700.0,20.0,1.0,3.4201324949569735e-14,7504.286861489279,7179.73594122783,86400.0,0.003841171187993934,0.003808146310399835,1.008672166167542
moderate,pop1132,800.0,80.0,1.0,1.1862327361000867e-14,7451.831696831401,7126.889917698816,86400.0,0.00032579087056854576,0.00032535970543357993,1.001325195246262
moderate,pop0618,400.0,50.0,5.0,2.9242463790656122e-12,7668.558571385414,7747.665334132863,86400.0,0.7773553446955257,0.7582971316585803,1.025132909305961
moderate,pop0302,350.0,30.0,1.0,7.345386809660418e-12,7697.000192297669,7675.2237807591655,86400.0,0.6450978669483085,0.6231021593988618,1.0353003230973667
moderate,pop1696,800.0,120.0,5.0,1.1862327361000867e-14,7451.831696831401,7518.780525603088,86400.0,0.0012384388130624424,0.0012070832564456525,1.0259762998528523
moderate,pop1395,700.0,30.0,5.0,3.4201324949569735e-14,7504.286861489279,7491.849491925644,86400.0,0.013832278375112831,0.013821447080208438,1.0007836585302203
moderate,pop0359,700.0,20.0,1.0,3.4201324949569735e-14,7504.286861489279,7179.9858024324085,86400.0,0.003841448380869407,0.0038084113687776857,1.0086747488368948
moderate,pop0946,600.0,5.0,0.5,1.2446840050933205e-13,7557.865585610068,7317.109283385368,86400.0,0.029244155013516213,0.02878869232572573,1.0158208883764923
moderate,pop0602,600.0,5.0,1.0,1.2446840050933205e-13,7557.865585610068,7645.873617999144,86400.0,0.06298815840701244,0.06286762895936596,1.0019171941051632
moderate,pop1171,500.0,5.0,5.0,5.51767166230078e-13,7612.608560598105,7166.525592039547,86400.0,1.3474212160608736,1.2242127901626827,1.1006429820765213
moderate,pop1490,450.0,3.0,5.0,1.2396974333823832e-12,7640.42992691429,7206.508517296025,86400.0,5.134274807851064,4.635515173579736,1.1075952975224899
moderate,pop0524,800.0,3.0,2.0,1.1862327361000867e-14,7451.831696831401,7520.73666560711,86400.0,0.019553266772820696,0.019323382801089507,1.0118966732739065
moderate,pop0348,550.0,30.0,1.0,2.563696777727604e-13,7585.0889183470845,7133.779256838893,86400.0,0.01879900253786944,0.01878747791073626,1.0006134206617798
moderate,pop0606,600.0,50.0,1.0,1.2446840050933205e-13,7557.865585610068,7107.672294359485,86400.0,0.0054338064111079075,0.005432849109738081,1.0001762061398154
moderate,pop0474,500.0,5.0,2.0,5.51767166230078e-13,7612.608560598105,7171.852359254269,86400.0,0.49626274396452763,0.4904133372914529,1.0119275032473238
moderate,pop0527,500.0,200.0,0.5,5.51767166230078e-13,7612.608560598105,7291.753524444793,86400.0,0.0031696998502068643,0.003168426007586756,1.0004020427231244
moderate,pop0394,600.0,3.0,2.0,1.2446840050933205e-13,7557.865585610068,7338.407809055968,86400.0,0.20348255191784795,0.19304354387239273,1.0540759241985098
moderate,pop0222,600.0,30.0,1.0,1.2446840050933205e-13,7557.865585610068,7542.404604646338,86400.0,0.01114077419866534,0.010196268251449458,1.0926325125941656
moderate,pop1980,450.0,5.0,1.0,1.2396974333823832e-12,7640.42992691429,7705.01533404911,86400.0,0.6482551132049617,0.6358818941970118,1.0194583603038025
moderate,pop1151,600.0,20.0,0.5,1.2446840050933205e-13,7557.865585610068,7250.69943187532,86400.0,0.007124093779256955,0.007067123306907184,1.0080613383799444
moderate,pop1512,500.0,50.0,1.0,5.51767166230078e-13,7612.608560598105,7689.396521326614,86400.0,0.028345602959455832,0.028187341020106223,1.0056146459233852
moderate,pop1787,350.0,120.0,0.5,7.345386809660418e-12,7697.000192297669,7675.073046349877,86400.0,0.08003346339087851,0.07788471066507828,1.027588890135836
moderate,pop0444,500.0,120.0,0.5,5.51767166230078e-13,7612.608560598105,7309.80599826551,86400.0,0.005411332101993088,0.005306889692157062,1.0196805315155466
moderate,pop1671,800.0,30.0,5.0,1.1862327361000867e-14,7451.831696831401,7428.185354714594,86400.0,0.004863041529935669,0.004712679069661617,1.0319059409841904
moderate,pop0019,400.0,30.0,5.0,2.9242463790656122e-12,7668.558571385414,7654.10204875785,86400.0,1.2805164577395853,1.2334880704561884,1.0381263413970467
moderate,pop1941,600.0,3.0,5.0,1.2446840050933205e-13,7557.865585610068,7322.670670230167,86400.0,0.4904377761659965,0.4805411798115675,1.0205946894255966
moderate,pop1795,400.0,3.0,0.5,2.9242463790656122e-12,7668.558571385414,7361.324945667796,86400.0,1.2111828081747782,1.1409285164511187,1.061576418426447
moderate,pop1449,500.0,30.0,1.0,5.51767166230078e-13,7612.608560598105,7584.762846397307,86400.0,0.046171514154439416,0.04570906714202409,1.01011718333648
moderate,pop1041,400.0,20.0,5.0,2.9242463790656122e-12,7668.558571385414,7439.706174123799,86400.0,1.8168732702151857,1.748031617932553,1.039382383920523
moderate,pop0282,350.0,30.0,2.0,7.345386809660418e-12,7697.000192297669,7262.5219870907895,86400.0,1.1779265312445744,1.1157890086175486,1.055689312358448
moderate,pop1550,550.0,200.0,1.0,2.563696777727604e-13,7585.0889183470845,7362.446638758066,86400.0,0.0030063344030548983,0.003001682332062442,1.0015498212261722
moderate,pop1307,600.0,5.0,2.0,1.2446840050933205e-13,7557.865585610068,7642.040711580126,86400.0,0.1283818902382895,0.1256092263612733,1.022073727840991
moderate,pop0683,350.0,200.0,1.0,7.345386809660418e-12,7697.000192297669,7662.892039630513,86400.0,0.09346479477995884,0.09316522471230464,1.0032154708860443
moderate,pop1834,700.0,3.0,1.0,3.4201324949569735e-14,7504.286861489279,7589.765955015818,86400.0,0.028386944966560607,0.028370186483553553,1.0005907075378855
moderate,pop0311,700.0,50.0,2.0,3.4201324949569735e-14,7504.286861489279,7579.197266774304,86400.0,0.0034137168013445443,0.003394947717583917,1.0055285339633993
moderate,pop1927,350.0,10.0,1.0,7.345386809660418e-12,7697.000192297669,7682.243543538269,86400.0,2.1100312930873164,1.8727273787844765,1.1267156752184964
moderate,pop0821,700.0,3.0,0.5,3.4201324949569735e-14,7504.286861489279,7049.925627256323,86400.0,0.012245094336639322,0.012238959514185334,1.0005012535948727
moderate,pop1514,700.0,10.0,1.0,3.4201324949569735e-14,7504.286861489279,7170.5933112186185,86400.0,0.007882428595740064,0.007596907893849009,1.0375838046058492
moderate,pop0744,500.0,120.0,1.0,5.51767166230078e-13,7612.608560598105,7587.227231842332,86400.0,0.011457917937170043,0.011434693719077064,1.0020310310589458
moderate,pop1544,350.0,10.0,1.0,7.345386809660418e-12,7697.000192297669,7775.548338132577,86400.0,2.0591906712734267,1.9184941036233578,1.07333698205501
moderate,pop0067,350.0,50.0,0.5,7.345386809660418e-12,7697.000192297669,7765.201282214872,86400.0,0.1975300911891776,0.1913391554702669,1.0323558223286542
moderate,pop1077,800.0,80.0,0.5,1.1862327361000867e-14,7451.831696831401,7435.481736537039,86400.0,0.0001770951203176167,0.0001770728150229473,1.000125966793189
moderate,pop0547,700.0,30.0,0.5,3.4201324949569735e-14,7504.286861489279,7171.165647741629,86400.0,0.0012958578352871822,0.0012663534449578605,1.0232987010433754
moderate,pop0862,600.0,50.0,2.0,1.2446840050933205e-13,7557.865585610068,7532.157244816653,86400.0,0.01261595008383181,0.01220229731932141,1.0338995808482236
moderate,pop0280,600.0,5.0,0.5,1.2446840050933205e-13,7557.865585610068,7644.398638793581,86400.0,0.03232070501161844,0.03142168774232829,1.028611361574925
moderate,pop1637,550.0,3.0,2.0,2.563696777727604e-13,7585.0889183470845,7138.947017073348,86400.0,0.38622356674503633,0.37629414667927624,1.0263873891034057
moderate,pop1652,800.0,200.0,0.5,1.1862327361000867e-14,7451.831696831401,7524.3953908992335,86400.0,7.311572045818444e-05,7.253320666728663e-05,1.0080309945976857
moderate,pop0726,700.0,80.0,2.0,3.4201324949569735e-14,7504.286861489279,7583.7305012744855,86400.0,0.002227107414658488,0.002124381295643568,1.0483557820931575
moderate,pop1483,400.0,80.0,1.0,2.9242463790656122e-12,7668.558571385414,7238.674450583351,86400.0,0.08549163497788241,0.08274196131250794,1.0332319130675334
moderate,pop1972,400.0,80.0,5.0,2.9242463790656122e-12,7668.558571385414,7739.146086068003,86400.0,0.4820651709776267,0.4728940112798776,1.019393689661934
moderate,pop0649,400.0,120.0,1.0,2.9242463790656122e-12,7668.558571385414,7356.289449709434,86400.0,0.058545836734290466,0.05696840758533506,1.0276895426046888
moderate,pop0054,600.0,3.0,1.0,1.2446840050933205e-13,7557.865585610068,7243.876509527266,86400.0,0.10003702050191272,0.09405105614701144,1.0636459025568474
moderate,pop0284,600.0,80.0,0.5,1.2446840050933205e-13,7557.865585610068,7612.473590976368,86400.0,0.001947797797376031,0.0019474865672025276,1.0001598112042183
moderate,pop0543,700.0,30.0,2.0,3.4201324949569735e-14,7504.286861489279,7486.620527814647,86400.0,0.005678910217812346,0.0055208641411121475,1.0286270541459768
moderate,pop0752,800.0,3.0,0.5,1.1862327361000867e-14,7451.831696831401,7429.519348647649,86400.0,0.004744963558162525,0.004714371878735624,1.0064890255189427
moderate,pop0987,700.0,120.0,2.0,3.4201324949569735e-14,7504.286861489279,7193.52687966611,86400.0,0.0012845513817437474,0.0012742632811157423,1.0080737637036805
moderate,pop1430,550.0,5.0,2.0,2.563696777727604e-13,7585.0889183470845,7556.730789349171,86400.0,0.25822207123739255,0.25297540329318896,1.0207398342918061
moderate,pop0631,450.0,30.0,5.0,1.2396974333823832e-12,7640.42992691429,7627.872522981084,86400.0,0.558689848733962,0.5193439198006965,1.075760834840167
moderate,pop0022,800.0,20.0,0.5,1.1862327361000867e-14,7451.831696831401,7524.507034994597,86400.0,0.0007433894217276062,0.0007253535912310489,1.0248648806797074
moderate,pop0212,350.0,50.0,1.0,7.345386809660418e-12,7697.000192297669,7389.992878558681,86400.0,0.35080511218003385,0.34659033913461973,1.0121606766534166
moderate,pop1294,350.0,10.0,1.0,7.345386809660418e-12,7697.000192297669,7759.144951300631,86400.0,2.0688755115173314,1.910408087043892,1.0829495151052502
moderate,pop0735,350.0,120.0,2.0,7.345386809660418e-12,7697.000192297669,7487.67017711783,86400.0,0.3071080764193684,0.29651084276179007,1.0357397846192486
moderate,pop0574,800.0,5.0,0.5,1.1862327361000867e-14,7451.831696831401,7228.747421683087,86400.0,0.0027231806978091026,0.0026778099601287237,1.0169432253804143
high,pop1574,800.0,50.0,2.0,7.592331171415196e-14,7451.831696831401,6987.442754886297,86400.0,0.0064050838054897676,0.006405534983275419,0.999929564386608
high,pop1881,450.0,30.0,0.5,4.582277971323483e-12,7640.42992691429,7734.934396652178,86400.0,0.19887511909698624,0.19739093153537574,1.0075190260771656
high,pop1284,500.0,30.0,2.0,2.3429673294491167e-12,7612.608560598105,7689.525085667312,86400.0,0.402421211190331,0.3989860915929397,1.0086096224148482
high,pop1019,800.0,200.0,5.0,7.592331171415196e-14,7451.831696831401,7229.962037756272,86400.0,0.0042948335541024086,0.004286185204451278,1.0020177265420425
high,pop1721,350.0,120.0,0.5,2.011758263341175e-11,7697.000192297669,7390.112145935511,86400.0,0.1996307251424922,0.19776542040376216,1.0094319054105707
high,pop0713,450.0,20.0,2.0,4.582277971323483e-12,7640.42992691429,7723.862118913514,86400.0,1.2223608466588174,1.1809573206245727,1.0350592907221638
high,pop0910,500.0,20.0,5.0,2.3429673294491167e-12,7612.608560598105,7306.901165259041,86400.0,1.4049649286319748,1.351003438388072,1.0399417860166855
high,pop0238,800.0,10.0,0.5,7.592331171415196e-14,7451.831696831401,6985.393651943447,86400.0,0.008121601015080917,0.008002223278816277,1.0149180711541328
high,pop0512,800.0,200.0,2.0,7.592331171415196e-14,7451.831696831401,7216.004229097984,86400.0,0.001715615681999672,0.0017078607132101778,1.0045407501498864
high,pop0584,400.0,10.0,2.0,9.347029312999258e-12,7668.558571385414,7642.392052280231,86400.0,5.232034022762073,4.716783833608878,1.109237609211989
high,pop1114,350.0,20.0,1.0,2.011758263341175e-11,7697.000192297669,7493.12777621568,86400.0,2.6287143213432587,2.439808960213201,1.077426292062453
high,pop0932,600.0,10.0,0.5,6.747799678383244e-13,7557.865585610068,7537.619053766785,86400.0,0.08354065019212759,0.08281028928951693,1.0088196878537303
high,pop1888,800.0,200.0,1.0,7.592331171415196e-14,7451.831696831401,7136.409078463959,86400.0,0.0008457295269633134,0.0008351959286874159,1.012612128381004
high,pop0644,400.0,30.0,1.0,9.347029312999258e-12,7668.558571385414,7371.634757068541,86400.0,0.7819290770992312,0.731414751080176,1.069063860066336
high,pop1266,450.0,30.0,0.5,4.582277971323483e-12,7640.42992691429,7728.624162773339,86400.0,0.20227109880853453,0.19706899606690784,1.026397367650163
high,pop0792,450.0,120.0,0.5,4.582277971323483e-12,7640.42992691429,7206.74109447159,86400.0,0.04446630901407744,0.04283825544939365,1.0380046654002302
high,pop1862,500.0,3.0,2.0,2.3429673294491167e-12,7612.608560598105,7681.267576120229,86400.0,4.407795825763191,3.981296375389936,1.107125772652754
high,pop0081,450.0,5.0,0.5,4.582277971323483e-12,7640.42992691429,7636.673579053872,86400.0,1.2129619717683509,1.154446025499048,1.0506874682547478
high,pop0185,550.0,30.0,2.0,1.2395095296743128e-12,7585.0889183470845,7566.194233306621,86400.0,0.22653811482778835,0.2043606756063801,1.108521070189278
high,pop0537,500.0,3.0,0.5,2.3429673294491167e-12,7612.608560598105,7582.0201450712375,86400.0,1.0215877452876978,0.9697696699632599,1.0534333841626549
high,pop1983,800.0,20.0,0.5,7.592331171415196e-14,7451.831696831401,6987.483312526173,86400.0,0.004025245940416959,0.004003505839728427,1.0054302657617722
high,pop0863,350.0,3.0,1.0,2.011758263341175e-11,7697.000192297669,7397.660692950834,86400.0,63.695620986022455,15.853570981830815,4.017745974015673
high,pop1873,600.0,50.0,5.0,6.747799678383244e-13,7557.865585610068,7643.566767403485,86400.0,0.171622089655109,0.1703091789030519,1.007708984098881
high,pop1641,700.0,20.0,1.0,2.155103919774317e-13,7504.286861489279,7492.976307162483,86400.0,0.026918843867700402,0.026135492396538212,1.0299727075838812
high,pop0882,400.0,3.0,2.0,9.347029312999258e-12,7668.558571385414,7739.62958680659,86400.0,28.72473145794994,16.125249563223047,1.7813511254711125
high,pop1639,550.0,3.0,2.0,1.2395095296743128e-12,7585.0889183470845,7638.018640718195,86400.0,2.1711888962137014,2.0825900336970253,1.0425426325311828
high,pop1144,600.0,20.0,5.0,6.747799678383244e-13,7557.865585610068,7634.236091668019,86400.0,0.42714164579451447,0.4247340802951472,1.0056684066832928
high,pop0099,600.0,120.0,0.5,6.747799678383244e-13,7557.865585610068,7239.670884685355,86400.0,0.006582914884659116,0.006366083542334982,1.0340603984981014
high,pop0810,550.0,30.0,1.0,1.2395095296743128e-12,7585.0889183470845,7650.643453036475,86400.0,0.10482223223873989,0.10447401560539919,1.0033330453637
high,pop1079,550.0,3.0,1.0,1.2395095296743128e-12,7585.0889183470845,7274.147449404813,86400.0,0.9678704716801744,0.9444447621885973,1.0248036840580192
high,pop0033,500.0,200.0,0.5,2.3429673294491167e-12,7612.608560598105,7295.961075682391,86400.0,0.013926982146594123,0.013469609493166956,1.033955895578056
high,pop1672,550.0,5.0,0.5,1.2395095296743128e-12,7585.0889183470845,7643.240928837286,86400.0,0.33079906117472047,0.3128158254270533,1.057488254384562
high,pop1977,500.0,200.0,0.5,2.3429673294491167e-12,7612.608560598105,7390.044439338349,86400.0,0.013915291992914424,0.013819237738879131,1.0069507635551456
high,pop1683,550.0,120.0,5.0,1.2395095296743128e-12,7585.0889183470845,7648.272902066864,86400.0,0.13305117700766955,0.13051160389107233,1.019458600161843
high,pop0134,350.0,20.0,5.0,2.011758263341175e-11,7697.000192297669,7384.38321935229,86400.0,15.253898085856088,11.8475350661523,1.2875166016123947
high,pop0947,500.0,20.0,2.0,2.3429673294491167e-12,7612.608560598105,7391.783984571132,86400.0,0.5628593504027876,0.5530297734128288,1.017774046647252
high,pop1609,700.0,120.0,0.5,2.155103919774317e-13,7504.286861489279,7577.647650353339,86400.0,0.0023051875123559188,0.0022274580650950768,1.034896031704877
high,pop1815,600.0,200.0,5.0,6.747799678383244e-13,7557.865585610068,7643.126619074072,86400.0,0.0438658184896216,0.042572391311913954,1.0303818305208916
high,pop1617,500.0,50.0,0.5,2.3429673294491167e-12,7612.608560598105,7174.1861063169945,86400.0,0.05234847109329489,0.052094905761941396,1.0048673728773445
high,pop1251,800.0,5.0,2.0,7.592331171415196e-14,7451.831696831401,7438.2342509952,86400.0,0.07279183275948921,0.07258695601627138,1.0028225008246923
high,pop1214,600.0,20.0,5.0,6.747799678383244e-13,7557.865585610068,7112.2380682071425,86400.0,0.3760940520224134,0.36863664718163613,1.0202296893100344
high,pop0868,500.0,50.0,2.0,2.3429673294491167e-12,7612.608560598105,7655.36556376777,86400.0,0.2422541081041145,0.2372694586583823,1.0210083905190217
high,pop0050,600.0,30.0,2.0,6.747799678383244e-13,7557.865585610068,7620.273291019223,86400.0,0.11816301105320223,0.11284849279653184,1.0470942776901113
high,pop1798,550.0,30.0,5.0,1.2395095296743128e-12,7585.0889183470845,7362.659699867531,86400.0,0.49134349060338944,0.48378435807157577,1.015625004003737
high,pop1595,450.0,3.0,0.5,4.582277971323483e-12,7640.42992691429,7204.961159348044,86400.0,1.9054336000613574,1.7126839003583567,1.1125424835620108
high,pop1627,600.0,80.0,2.0,6.747799678383244e-13,7557.865585610068,7616.103616318237,86400.0,0.04293964854396161,0.04227188598975679,1.0157968479184163
high,pop1206,400.0,50.0,5.0,9.347029312999258e-12,7668.558571385414,7752.437199985439,86400.0,2.554354252942246,2.4267993233109797,1.0525609713197208
high,pop0057,600.0,50.0,5.0,6.747799678383244e-13,7557.865585610068,7111.291414302868,86400.0,0.15281415016360161,0.14741540843209758,1.0366226420217857
high,pop1297,700.0,120.0,0.5,2.155103919774317e-13,7504.286861489279,7592.90039266443,86400.0,0.002283986671435885,0.0022364342114517223,1.0212626241096963
high,pop1849,600.0,200.0,1.0,6.747799678383244e-13,7557.865585610068,7248.089217246916,86400.0,0.007659194359250317,0.007657076627987846,1.0002765717734534
high,pop0491,500.0,200.0,0.5,2.3429673294491167e-12,7612.608560598105,7400.630518387303,86400.0,0.01414277227810423,0.013858857615062477,1.0204861519562176
high,pop1526,800.0,30.0,5.0,7.592331171415196e-14,7451.831696831401,6989.921853659218,86400.0,0.027426546085618904,0.02670867113763601,1.0268779732351159
high,pop0710,700.0,10.0,0.5,2.155103919774317e-13,7504.286861489279,7575.037471711,86400.0,0.026741906564766958,0.026711085593752504,1.0011538644098263
high,pop1135,700.0,3.0,2.0,2.155103919774317e-13,7504.286861489279,7275.274130003449,86400.0,0.3331474145988981,0.3285181955094909,1.0140912106321167
high,pop1968,550.0,30.0,1.0,1.2395095296743128e-12,7585.0889183470845,7555.5896311347915,86400.0,0.10277032826072154,0.10189411134977701,1.008599289000487
high,pop1527,450.0,20.0,5.0,4.582277971323483e-12,7640.42992691429,7707.671082338006,86400.0,3.278160243572822,2.940028449693236,1.115009701322743
high,pop0689,400.0,50.0,2.0,9.347029312999258e-12,7668.558571385414,7447.619460156564,86400.0,0.9231021757017293,0.8958850696100474,1.0303801313527066
high,pop0440,700.0,20.0,0.5,2.155103919774317e-13,7504.286861489279,7179.73594122783,86400.0,0.012085937091810793,0.011998001616484209,1.0073291768193937
high,pop1132,800.0,80.0,1.0,7.592331171415196e-14,7451.831696831401,7126.889917698816,86400.0,0.0020852081293826416,0.002082423253304495,1.0013373247123165
high,pop0618,400.0,50.0,2.0,9.347029312999258e-12,7668.558571385414,7747.665334132863,86400.0,0.9957912396794438,0.9695250808299931,1.027091778612849
high,pop0302,350.0,30.0,0.5,2.011758263341175e-11,7697.000192297669,7675.2237807591655,86400.0,0.8940523499803004,0.8532776765600596,1.0477859371460667
high,pop1696,800.0,120.0,1.0,7.592331171415196e-14,7451.831696831401,7518.780525603088,86400.0,0.001584075140823931,0.0015451564529462523,1.0251875386492222
high,pop1395,700.0,30.0,5.0,2.155103919774317e-13,7504.286861489279,7491.849491925644,86400.0,0.08723184733293737,0.08709210775732015,1.0016045033151177
high,pop0359,700.0,20.0,1.0,2.155103919774317e-13,7504.286861489279,7179.9858024324085,86400.0,0.02415885134050436,0.023997673426593716,1.0067163975042692
high,pop0946,600.0,5.0,1.0,6.747799678383244e-13,7557.865585610068,7317.109283385368,86400.0,0.3175388831751949,0.31214401088417865,1.017283279841682
high,pop0602,600.0,5.0,2.0,6.747799678383244e-13,7557.865585610068,7645.873617999144,86400.0,0.6896354210334327,0.6816479760916039,1.0117178444328798
high,pop1171,500.0,5.0,5.0,2.3429673294491167e-12,7612.608560598105,7166.525592039547,86400.0,5.958538522337461,5.198371246412442,1.1462318176004904
high,pop1490,450.0,3.0,0.5,4.582277971323483e-12,7640.42992691429,7206.508517296025,86400.0,1.8495568493604468,1.713419621082522,1.079453524754149
high,pop0524,800.0,3.0,0.5,7.592331171415196e-14,7451.831696831401,7520.73666560711,86400.0,0.03130514441913734,0.030919211111183193,1.012481990778043
high,pop0348,550.0,30.0,2.0,1.2395095296743128e-12,7585.0889183470845,7133.779256838893,86400.0,0.1822504999202997,0.18166936208067855,1.0031988764256412
high,pop0606,600.0,50.0,0.5,6.747799678383244e-13,7557.865585610068,7107.672294359485,86400.0,0.014734160165947377,0.014726539959291409,1.0005174471856277
high,pop0474,500.0,5.0,1.0,2.3429673294491167e-12,7612.608560598105,7171.852359254269,86400.0,1.0689349511572606,1.0412203711310184,1.0266174008832898
high,pop0527,500.0,200.0,5.0,2.3429673294491167e-12,7612.608560598105,7291.753524444793,86400.0,0.13482029553654845,0.13454078234255026,1.0020775350724995
high,pop0394,600.0,3.0,0.5,6.747799678383244e-13,7557.865585610068,7338.407809055968,86400.0,0.273204329773381,0.26163651937473664,1.0442132865331235
high,pop0222,600.0,30.0,0.5,6.747799678383244e-13,7557.865585610068,7542.404604646338,86400.0,0.029431058250633663,0.027638491113526228,1.0648576338608498
high,pop1980,450.0,5.0,1.0,4.582277971323483e-12,7640.42992691429,7705.01533404911,86400.0,2.5000816899611076,2.3504022172510726,1.0636824929841555
high,pop1151,600.0,20.0,2.0,6.747799678383244e-13,7557.865585610068,7250.69943187532,86400.0,0.15447095168490352,0.15325185246151737,1.0079548743053026
high,pop1512,500.0,50.0,0.5,2.3429673294491167e-12,7612.608560598105,7689.396521326614,86400.0,0.06017319248066051,0.05984591251177436,1.0054687104791287
high,pop1787,350.0,120.0,1.0,2.011758263341175e-11,7697.000192297669,7675.073046349877,86400.0,0.43921624160059125,0.4266220808476427,1.029520649113908
high,pop0444,500.0,120.0,2.0,2.3429673294491167e-12,7612.608560598105,7309.80599826551,86400.0,0.09153511667432099,0.09013852168600807,1.015493875006935
high,pop1671,800.0,30.0,1.0,7.592331171415196e-14,7451.831696831401,7428.185354714594,86400.0,0.0062229111900544126,0.006032580135851006,1.0315505223166932
high,pop0019,400.0,30.0,1.0,9.347029312999258e-12,7668.558571385414,7654.10204875785,86400.0,0.8125181993620209,0.7885415698435713,1.0304062974425128
high,pop1941,600.0,3.0,1.0,6.747799678383244e-13,7557.865585610068,7322.670670230167,86400.0,0.5319128677878563,0.5210311380741629,1.0208849892425134
high,pop1795,400.0,3.0,5.0,9.347029312999258e-12,7668.558571385414,7361.324945667796,86400.0,127.57113345782706,36.46851497756812,3.498117034277277
high,pop1449,500.0,30.0,5.0,2.3429673294491167e-12,7612.608560598105,7584.762846397307,86400.0,0.9905246097591468,0.9704714010538074,1.0206633690426778
high,pop1041,400.0,20.0,5.0,9.347029312999258e-12,7668.558571385414,7439.706174123799,86400.0,6.169754751762327,5.587389246622195,1.1042285545959047
high,pop0282,350.0,30.0,1.0,2.011758263341175e-11,7697.000192297669,7262.5219870907895,86400.0,1.6268751467481921,1.5279642967743072,1.064733744226024
high,pop1550,550.0,200.0,1.0,1.2395095296743128e-12,7585.0889183470845,7362.446638758066,86400.0,0.014531923424554952,0.014512690767370195,1.00132523027556
high,pop1307,600.0,5.0,2.0,6.747799678383244e-13,7557.865585610068,7642.040711580126,86400.0,0.6983808418546664,0.6809647217881779,1.0255756568721426
high,pop0683,350.0,200.0,0.5,2.011758263341175e-11,7697.000192297669,7662.892039630513,86400.0,0.12827992261599294,0.12758069488220808,1.0054806703665506
high,pop1834,700.0,3.0,2.0,2.155103919774317e-13,7504.286861489279,7589.765955015818,86400.0,0.35950878682499154,0.3575341024687628,1.0055230657511929
high,pop0311,700.0,50.0,2.0,2.155103919774317e-13,7504.286861489279,7579.197266774304,86400.0,0.021489997967724123,0.021392344139831387,1.0045648960793834
high,pop1927,350.0,10.0,0.5,2.011758263341175e-11,7697.000192297669,7682.243543538269,86400.0,3.011000177634066,2.5645176196167556,1.1741000157698402
high,pop0821,700.0,3.0,5.0,2.155103919774317e-13,7504.286861489279,7049.925627256323,86400.0,0.7788134940671286,0.7712049068821764,1.0098658438464976
high,pop1514,700.0,10.0,2.0,2.155103919774317e-13,7504.286861489279,7170.5933112186185,86400.0,0.09863721720822988,0.09573971771175149,1.0302643413384822
high,pop0744,500.0,120.0,5.0,2.3429673294491167e-12,7612.608560598105,7587.227231842332,86400.0,0.24393263599069115,0.24277553509665623,1.0047661346666346
high,pop1544,350.0,10.0,2.0,2.011758263341175e-11,7697.000192297669,7775.548338132577,86400.0,14.011094860522057,10.508762754494176,1.3332773027471834
high,pop0067,350.0,50.0,5.0,2.011758263341175e-11,7697.000192297669,7765.201282214872,86400.0,5.87432128908144,5.2404064903945695,1.1209667226862663
high,pop1077,800.0,80.0,5.0,7.592331171415196e-14,7451.831696831401,7435.481736537039,86400.0,0.01133620386079342,0.011333319442261017,1.0002545078295109
high,pop0547,700.0,30.0,1.0,2.155103919774317e-13,7504.286861489279,7171.165647741629,86400.0,0.016258542002548438,0.015959166944979588,1.0187588148304336
high,pop0862,600.0,50.0,1.0,6.747799678383244e-13,7557.865585610068,7532.157244816653,86400.0,0.03387495102559248,0.03307612919822183,1.0241510069870448
high,pop0280,600.0,5.0,5.0,6.747799678383244e-13,7557.865585610068,7644.398638793581,86400.0,1.778088246839806,1.703462513973936,1.0438082624382374
high,pop1637,550.0,3.0,2.0,1.2395095296743128e-12,7585.0889183470845,7138.947017073348,86400.0,1.903489649010044,1.8193266256044895,1.0462605352008139
high,pop1652,800.0,200.0,0.5,7.592331171415196e-14,7451.831696831401,7524.3953908992335,86400.0,0.00046796320403789596,0.00046423952836880457,1.0080210224281747
high,pop0726,700.0,80.0,5.0,2.155103919774317e-13,7504.286861489279,7583.7305012744855,86400.0,0.034709071675736364,0.03346553433300756,1.037158747574584
high,pop1483,400.0,80.0,1.0,9.347029312999258e-12,7668.558571385414,7238.674450583351,86400.0,0.2720808850428215,0.26447550498470135,1.028756462941852
high,pop1972,400.0,80.0,1.0,9.347029312999258e-12,7668.558571385414,7739.146086068003,86400.0,0.30693610059258597,0.3023106546027216,1.0153003075460336
high,pop0649,400.0,120.0,2.0,9.347029312999258e-12,7668.558571385414,7356.289449709434,86400.0,0.3732150020370796,0.3641863964863054,1.0247911663859022
high,pop0054,600.0,3.0,5.0,6.747799678383244e-13,7557.865585610068,7243.876509527266,86400.0,2.7580774478420733,2.549392792963649,1.081856611289714
high,pop0284,600.0,80.0,1.0,6.747799678383244e-13,7557.865585610068,7612.473590976368,86400.0,0.021127066513034243,0.021115799958945622,1.0005335603723529
high,pop0543,700.0,30.0,5.0,2.155103919774317e-13,7504.286861489279,7486.620527814647,86400.0,0.08900269861722447,0.08697057766472538,1.023365614062413
high,pop0752,800.0,3.0,2.0,7.592331171415196e-14,7451.831696831401,7429.519348647649,86400.0,0.12166338777653013,0.12069494115039398,1.0080239206126245
high,pop0987,700.0,120.0,1.0,2.155103919774317e-13,7504.286861489279,7193.52687966611,86400.0,0.004041472290006195,0.004014712582050958,1.0066654106385784
high,pop1430,550.0,5.0,5.0,1.2395095296743128e-12,7585.0889183470845,7556.730789349171,86400.0,3.2306547932479837,3.0577467846358055,1.056547523647473
high,pop0631,450.0,30.0,2.0,4.582277971323483e-12,7640.42992691429,7627.872522981084,86400.0,0.8138897926442116,0.767857749531851,1.0599486599444043
high,pop0022,800.0,20.0,1.0,7.592331171415196e-14,7451.831696831401,7524.507034994597,86400.0,0.00951300931286678,0.009285066097748956,1.024549444529327
high,pop0212,350.0,50.0,0.5,2.011758263341175e-11,7697.000192297669,7389.992878558681,86400.0,0.48451833583484893,0.4746216889703363,1.0208516532103344
high,pop1294,350.0,10.0,0.5,2.011758263341175e-11,7697.000192297669,7759.144951300631,86400.0,2.9837218855013994,2.616117677022671,1.140515165547556
high,pop0735,350.0,120.0,0.5,2.011758263341175e-11,7697.000192297669,7487.67017711783,86400.0,0.20887235326787165,0.20302134984633433,1.028819645943473
high,pop0574,800.0,5.0,5.0,7.592331171415196e-14,7451.831696831401,7228.747421683087,86400.0,0.1746153950531001,0.17138980751999758,1.0188201829488965
storm,pop1574,800.0,50.0,5.0,1.229542861443352e-13,7451.831696831401,6987.442754886297,86400.0,0.025936645248501575,0.025933667916332157,1.000114805671879
storm,pop1881,450.0,30.0,5.0,6.3950279002363895e-12,7640.42992691429,7734.934396652178,86400.0,2.871555590669088,2.754788169382459,1.0423870781007474
storm,pop1284,500.0,30.0,0.5,3.336480158586044e-12,7612.608560598105,7689.525085667312,86400.0,0.1429364789195787,0.1420430794552131,1.0062896373958667
storm,pop1019,800.0,200.0,2.0,1.229542861443352e-13,7451.831696831401,7229.962037756272,86400.0,0.0027816410827199616,0.002776511351769634,1.001847545462783
storm,pop1721,350.0,120.0,2.0,2.6802310000337596e-11,7697.000192297669,7390.112145935511,86400.0,1.0783348632576342,1.0539178989040987,1.0231678049864463
storm,pop0713,450.0,20.0,5.0,6.3950279002363895e-12,7640.42992691429,7723.862118913514,86400.0,4.4410876349783,4.120360583559963,1.0778395591633465
storm,pop0910,500.0,20.0,0.5,3.336480158586044e-12,7612.608560598105,7306.901165259041,86400.0,0.19722488868223506,0.19238834915479425,1.0251394616601723
storm,pop0238,800.0,10.0,5.0,1.229542861443352e-13,7451.831696831401,6985.393651943447,86400.0,0.13152603169005192,0.12959229893959412,1.0149216640670844
storm,pop0512,800.0,200.0,0.5,1.229542861443352e-13,7451.831696831401,7216.004229097984,86400.0,0.0006943773741880077,0.000691450326934208,1.0042331996092586
storm,pop0584,400.0,10.0,5.0,1.2762488489255127e-11,7668.558571385414,7642.392052280231,86400.0,22.40749298132019,16.100810580271357,1.3916996830443142
storm,pop1114,350.0,20.0,5.0,2.6802310000337596e-11,7697.000192297669,7493.12777621568,86400.0,23.535200218792827,16.2525779773933,1.4480902815251444
storm,pop0932,600.0,10.0,1.0,1.0006394386855396e-12,7557.865585610068,7537.619053766785,86400.0,0.24830854258548937,0.24560077459769286,1.0110250791848356
storm,pop1888,800.0,200.0,0.5,1.229542861443352e-13,7451.831696831401,7136.409078463959,86400.0,0.0006840014507858218,0.0006762805578676761,1.011416700995353
storm,pop0644,400.0,30.0,0.5,1.2762488489255127e-11,7668.558571385414,7371.634757068541,86400.0,0.5322690144192396,0.49933898937013477,1.0659472337432385
storm,pop1266,450.0,30.0,2.0,6.3950279002363895e-12,7640.42992691429,7728.624162773339,86400.0,1.1427971269636725,1.1001180949792568,1.0387949549954638
storm,pop0792,450.0,120.0,1.0,6.3950279002363895e-12,7640.42992691429,7206.74109447159,86400.0,0.12404395613657433,0.1195701528849859,1.037415719087453
storm,pop1862,500.0,3.0,1.0,3.336480158586044e-12,7612.608560598105,7681.267576120229,86400.0,3.1132013203096363,2.834763463189711,1.0982226068367
storm,pop0081,450.0,5.0,1.0,6.3950279002363895e-12,7640.42992691429,7636.673579053872,86400.0,3.5203705405378733,3.2222901310594656,1.0925057637129656
storm,pop0185,550.0,30.0,2.0,1.8005248108714304e-12,7585.0889183470845,7566.194233306621,86400.0,0.32773958415451515,0.29685650492127935,1.1040336954766257
storm,pop0537,500.0,3.0,2.0,3.336480158586044e-12,7612.608560598105,7582.0201450712375,86400.0,6.237191041681871,5.523964797224411,1.1291149148553281
storm,pop1983,800.0,20.0,5.0,1.229542861443352e-13,7451.831696831401,6987.483312526173,86400.0,0.06519082144817605,0.06483492243486158,1.0054893103893512
storm,pop0863,350.0,3.0,1.0,2.6802310000337596e-11,7697.000192297669,7397.660692950834,86400.0,63.4160352893342,21.121440473751637,3.0024484063074937
storm,pop1873,600.0,50.0,1.0,1.0006394386855396e-12,7557.865585610068,7643.566767403485,86400.0,0.05082023708301493,0.05051071143279012,1.0061279210180334
storm,pop1641,700.0,20.0,2.0,3.341288569300066e-13,7504.286861489279,7492.976307162483,86400.0,0.0833592724463007,0.08104130960582795,1.028602238188733
storm,pop0882,400.0,3.0,1.0,1.2762488489255127e-11,7668.558571385414,7739.62958680659,86400.0,17.65132369281173,11.008755030370404,1.603389633443213
storm,pop1639,550.0,3.0,0.5,1.8005248108714304e-12,7585.0889183470845,7638.018640718195,86400.0,0.7793991289737893,0.7562981438977578,1.0305448126012515
storm,pop1144,600.0,20.0,2.0,1.0006394386855396e-12,7557.865585610068,7634.236091668019,86400.0,0.2529535462581705,0.25193733777170174,1.0040335763466297
storm,pop0099,600.0,120.0,2.0,1.0006394386855396e-12,7557.865585610068,7239.670884685355,86400.0,0.03898024834898249,0.03776137150505097,1.0322784050300844
storm,pop0810,550.0,30.0,5.0,1.8005248108714304e-12,7585.0889183470845,7650.643453036475,86400.0,0.7672583546669868,0.7588003669415779,1.0111465256131855
storm,pop1079,550.0,3.0,1.0,1.8005248108714304e-12,7585.0889183470845,7274.147449404813,86400.0,1.4188513581316906,1.37191057116354,1.0342156318019617
storm,pop0033,500.0,200.0,5.0,3.336480158586044e-12,7612.608560598105,7295.961075682391,86400.0,0.19842431989122752,0.19181268237496257,1.0344692406904579
storm,pop1672,550.0,5.0,5.0,1.8005248108714304e-12,7585.0889183470845,7643.240928837286,86400.0,5.070759383091817,4.543996164859076,1.1159251018533987
storm,pop1977,500.0,200.0,0.5,3.336480158586044e-12,7612.608560598105,7390.044439338349,86400.0,0.019811281267305445,0.01967915298818725,1.0067141242917064
storm,pop1683,550.0,120.0,1.0,1.8005248108714304e-12,7585.0889183470845,7648.272902066864,86400.0,0.038577104500043036,0.03791651056918371,1.0174223292424018
storm,pop0134,350.0,20.0,0.5,2.6802310000337596e-11,7697.000192297669,7384.38321935229,86400.0,1.6931303248907748,1.5784267591649115,1.072669552172664
storm,pop0947,500.0,20.0,2.0,3.336480158586044e-12,7612.608560598105,7391.783984571132,86400.0,0.8043585421244135,0.7875367457783031,1.0213600145469857
storm,pop1609,700.0,120.0,1.0,3.341288569300066e-13,7504.286861489279,7577.647650353339,86400.0,0.007130648280411536,0.006906933909968305,1.0323898235250752
storm,pop1815,600.0,200.0,2.0,1.0006394386855396e-12,7557.865585610068,7643.126619074072,86400.0,0.025969359627479434,0.025252447183530785,1.0283898205484103
storm,pop1617,500.0,50.0,0.5,3.336480158586044e-12,7612.608560598105,7174.1861063169945,86400.0,0.074589457958278,0.07418525100774438,1.005448616066439
storm,pop1251,800.0,5.0,0.5,1.229542861443352e-13,7451.831696831401,7438.2342509952,86400.0,0.02945778333245151,0.029387803162395927,1.0023812657812112
storm,pop1214,600.0,20.0,5.0,1.0006394386855396e-12,7557.865585610068,7112.2380682071425,86400.0,0.558401251165505,0.5466557771364259,1.0214860512233237
storm,pop0868,500.0,50.0,0.5,3.336480158586044e-12,7612.608560598105,7655.36556376777,86400.0,0.08604121613331162,0.0844703243512872,1.0185969663794772
storm,pop0050,600.0,30.0,1.0,1.0006394386855396e-12,7557.865585610068,7620.273291019223,86400.0,0.08736621202088239,0.08367220269606927,1.044148584664745
storm,pop1798,550.0,30.0,0.5,1.8005248108714304e-12,7585.0889183470845,7362.659699867531,86400.0,0.07102370495980005,0.07027503371016898,1.0106534456136838
storm,pop1595,450.0,3.0,0.5,6.3950279002363895e-12,7640.42992691429,7204.961159348044,86400.0,2.7268904189639747,2.390221936691884,1.1408523941245585
storm,pop1627,600.0,80.0,1.0,1.0006394386855396e-12,7557.865585610068,7616.103616318237,86400.0,0.031808499019754403,0.031342747476985025,1.014859946247896
storm,pop1206,400.0,50.0,1.0,1.2762488489255127e-11,7668.558571385414,7752.437199985439,86400.0,0.681399764546444,0.6627131977946108,1.0281970644526452
storm,pop0057,600.0,50.0,5.0,1.0006394386855396e-12,7557.865585610068,7111.291414302868,86400.0,0.2263428434374468,0.21860410589787488,1.035400696193635
storm,pop1297,700.0,120.0,0.5,3.341288569300066e-13,7504.286861489279,7592.90039266443,86400.0,0.0035347210997081825,0.003467383636654411,1.0194202517258066
storm,pop1849,600.0,200.0,0.5,1.0006394386855396e-12,7557.865585610068,7248.089217246916,86400.0,0.005678992249418298,0.005677386128953454,1.000282897873839
storm,pop0491,500.0,200.0,1.0,3.336480158586044e-12,7612.608560598105,7400.630518387303,86400.0,0.04024802592910837,0.03947114658589546,1.0196822086615167
storm,pop1526,800.0,30.0,1.0,1.229542861443352e-13,7451.831696831401,6989.921853659218,86400.0,0.00886268291173243,0.008650691123579437,1.0245057631956318
storm,pop0710,700.0,10.0,2.0,3.341288569300066e-13,7504.286861489279,7575.037471711,86400.0,0.16611474822444108,0.1656522344914989,1.0027920766318785
storm,pop1135,700.0,3.0,2.0,3.341288569300066e-13,7504.286861489279,7275.274130003449,86400.0,0.517405079169469,0.5093369657913734,1.015840423766533
storm,pop1968,550.0,30.0,0.5,1.8005248108714304e-12,7585.0889183470845,7555.5896311347915,86400.0,0.07462465610293993,0.07400623842528081,1.008356291183256
storm,pop1527,450.0,20.0,2.0,6.3950279002363895e-12,7640.42992691429,7707.671082338006,86400.0,1.794306672053181,1.6412416776930354,1.0932617032826617
storm,pop0689,400.0,50.0,5.0,1.2762488489255127e-11,7668.558571385414,7447.619460156564,86400.0,3.2492359969058295,3.0581167838781833,1.0624957209074521
storm,pop0440,700.0,20.0,5.0,3.341288569300066e-13,7504.286861489279,7179.73594122783,86400.0,0.1876403243238703,0.18601787731795552,1.008721995053957
storm,pop1132,800.0,80.0,5.0,1.229542861443352e-13,7451.831696831401,7126.889917698816,86400.0,0.01688525144754106,0.016861939948326334,1.0013824921264198
storm,pop0618,400.0,50.0,0.5,1.2762488489255127e-11,7668.558571385414,7747.665334132863,86400.0,0.337493824358326,0.33094880388704306,1.019776534601155
storm,pop0302,350.0,30.0,1.0,2.6802310000337596e-11,7697.000192297669,7675.2237807591655,86400.0,2.4503474592942065,2.2736144019160434,1.0777322035034722
storm,pop1696,800.0,120.0,0.5,1.229542861443352e-13,7451.831696831401,7518.780525603088,86400.0,0.0012799477948982015,0.0012511546477885457,1.0230132599199857
storm,pop1395,700.0,30.0,5.0,3.341288569300066e-13,7504.286861489279,7491.849491925644,86400.0,0.13531279993795953,0.13502822831683078,1.0021074972594695
storm,pop0359,700.0,20.0,1.0,3.341288569300066e-13,7504.286861489279,7179.9858024324085,86400.0,0.03744233360555515,0.037206164943763054,1.0063475679944187
storm,pop0946,600.0,5.0,5.0,1.0006394386855396e-12,7557.865585610068,7317.109283385368,86400.0,2.4099934583230453,2.3144107911264653,1.0412989204695413
storm,pop0602,600.0,5.0,0.5,1.0006394386855396e-12,7557.865585610068,7645.873617999144,86400.0,0.2548234539146761,0.2527060229583098,1.008379028452027
storm,pop1171,500.0,5.0,2.0,3.336480158586044e-12,7612.608560598105,7166.525592039547,86400.0,3.291679769647757,2.9610762903292103,1.1116497674843056
storm,pop1490,450.0,3.0,0.5,6.3950279002363895e-12,7640.42992691429,7206.508517296025,86400.0,2.6493909296355103,2.3912487086571077,1.1079528950894328
storm,pop0524,800.0,3.0,2.0,1.229542861443352e-13,7451.831696831401,7520.73666560711,86400.0,0.20301289685814006,0.20028892020066646,1.013600236372259
storm,pop0348,550.0,30.0,1.0,1.8005248108714304e-12,7585.0889183470845,7133.779256838893,86400.0,0.13234275062396517,0.1319474299997493,1.0029960464119432
storm,pop0606,600.0,50.0,0.5,1.0006394386855396e-12,7557.865585610068,7107.672294359485,86400.0,0.021854072071310626,0.021838165596190645,1.000728379636555
storm,pop0474,500.0,5.0,5.0,3.336480158586044e-12,7612.608560598105,7171.852359254269,86400.0,8.315571403649518,7.413699425785542,1.1216493852889666
storm,pop0527,500.0,200.0,0.5,3.336480158586044e-12,7612.608560598105,7291.753524444793,86400.0,0.01917443286917329,0.019159151097173307,1.0007976226045965
storm,pop0394,600.0,3.0,5.0,1.0006394386855396e-12,7557.865585610068,7338.407809055968,86400.0,4.2304756012560425,3.8798398346867096,1.0903737735343
storm,pop0222,600.0,30.0,5.0,1.0006394386855396e-12,7557.865585610068,7542.404604646338,86400.0,0.43679547214926356,0.40985455336724674,1.0657328766038539
storm,pop1980,450.0,5.0,1.0,6.3950279002363895e-12,7640.42992691429,7705.01533404911,86400.0,3.572621709835194,3.280221725998164,1.08914031070508
storm,pop1151,600.0,20.0,0.5,1.0006394386855396e-12,7557.865585610068,7250.69943187532,86400.0,0.05720438364309903,0.05681475997126596,1.006857789631253
storm,pop1512,500.0,50.0,2.0,3.336480158586044e-12,7612.608560598105,7689.396521326614,86400.0,0.3439994106162246,0.3408919913790848,1.0091155536525473
storm,pop1787,350.0,120.0,0.5,2.6802310000337596e-11,7697.000192297669,7675.073046349877,86400.0,0.2921811531562865,0.2841906374197513,1.028116745185849
storm,pop0444,500.0,120.0,2.0,3.336480158586044e-12,7612.608560598105,7309.80599826551,86400.0,0.1303387998470333,0.12836089746089444,1.0154089167749971
storm,pop1671,800.0,30.0,0.5,1.229542861443352e-13,7451.831696831401,7428.185354714594,86400.0,0.005027294668689878,0.004884742034203177,1.0291832472397808
storm,pop0019,400.0,30.0,2.0,1.2762488489255127e-11,7668.558571385414,7654.10204875785,86400.0,2.26635872460123,2.1533585423620565,1.0524762504785765
storm,pop1941,600.0,3.0,2.0,1.0006394386855396e-12,7557.865585610068,7322.670670230167,86400.0,1.598730278815839,1.5452868502022152,1.0345847947949796
storm,pop1795,400.0,3.0,0.5,1.2762488489255127e-11,7668.558571385414,7361.324945667796,86400.0,6.311139532925387,4.979432363330155,1.2674415620949633
storm,pop1449,500.0,30.0,5.0,3.336480158586044e-12,7612.608560598105,7584.762846397307,86400.0,1.4178746150291732,1.381990492736637,1.025965534843498
storm,pop1041,400.0,20.0,2.0,1.2762488489255127e-11,7668.558571385414,7439.706174123799,86400.0,3.254185277685353,3.0516215818787087,1.066379035005362
storm,pop0282,350.0,30.0,1.0,2.6802310000337596e-11,7697.000192297669,7262.5219870907895,86400.0,2.1955674381087302,2.035680603273734,1.078542200862881
storm,pop1550,550.0,200.0,1.0,1.8005248108714304e-12,7585.0889183470845,7362.446638758066,86400.0,0.02111081523897581,0.02108128995669818,1.0014005443850105
storm,pop1307,600.0,5.0,2.0,1.0006394386855396e-12,7557.865585610068,7642.040711580126,86400.0,1.0400155875828092,1.0098108856990236,1.029911246067502
storm,pop0683,350.0,200.0,5.0,2.6802310000337596e-11,7697.000192297669,7662.892039630513,86400.0,1.7490191166787028,1.6997356971768118,1.0289947546455303
storm,pop1834,700.0,3.0,2.0,3.341288569300066e-13,7504.286861489279,7589.765955015818,86400.0,0.5589182765976838,0.5543234359849046,1.0082890967880787
storm,pop0311,700.0,50.0,2.0,3.341288569300066e-13,7504.286861489279,7579.197266774304,86400.0,0.03331212640169288,0.03316684373737163,1.0043803584529072
storm,pop1927,350.0,10.0,0.5,2.6802310000337596e-11,7697.000192297669,7682.243543538269,86400.0,4.177418935755601,3.416662801630025,1.2226605838195779
storm,pop0821,700.0,3.0,2.0,3.341288569300066e-13,7504.286861489279,7049.925627256323,86400.0,0.4817682380061496,0.47827264686584253,1.0073087833126437
storm,pop1514,700.0,10.0,2.0,3.341288569300066e-13,7504.286861489279,7170.5933112186185,86400.0,0.15268514160438534,0.14843554479349177,1.0286292398280057
storm,pop0744,500.0,120.0,2.0,3.336480158586044e-12,7612.608560598105,7587.227231842332,86400.0,0.1387896927731114,0.1382888691035322,1.0036215761458303
storm,pop1544,350.0,10.0,1.0,2.6802310000337596e-11,7697.000192297669,7775.548338132577,86400.0,8.870217663987447,7.000322111220474,1.2671156445458143
storm,pop0067,350.0,50.0,5.0,2.6802310000337596e-11,7697.000192297669,7765.201282214872,86400.0,8.074077900008607,6.981703609362363,1.1564624269041421
storm,pop1077,800.0,80.0,0.5,1.229542861443352e-13,7451.831696831401,7435.481736537039,86400.0,0.001835684156121377,0.0018353785816342053,1.0001664912570243
storm,pop0547,700.0,30.0,2.0,3.341288569300066e-13,7504.286861489279,7171.165647741629,86400.0,0.0503660994908732,0.04948641371725209,1.0177763088399843
storm,pop0862,600.0,50.0,5.0,1.0006394386855396e-12,7557.865585610068,7532.157244816653,86400.0,0.2514267572691959,0.2452449756387041,1.025206557705789
storm,pop0280,600.0,5.0,2.0,1.0006394386855396e-12,7557.865585610068,7644.398638793581,86400.0,1.0462999885608566,1.010434129670633,1.0354954942999746
storm,pop1637,550.0,3.0,0.5,1.8005248108714304e-12,7585.0889183470845,7138.947017073348,86400.0,0.6839338848124821,0.660693332737143,1.0351760051506154
storm,pop1652,800.0,200.0,1.0,1.229542861443352e-13,7451.831696831401,7524.3953908992335,86400.0,0.0015148592827776153,0.0015036288202357109,1.0074689061494204
storm,pop0726,700.0,80.0,5.0,3.341288569300066e-13,7504.286861489279,7583.7305012744855,86400.0,0.053661153662926724,0.05188520437757205,1.034228433840811
storm,pop1483,400.0,80.0,1.0,1.2762488489255127e-11,7668.558571385414,7238.674450583351,86400.0,0.371888713935092,0.36111640126804173,1.0298305826853165
storm,pop1972,400.0,80.0,5.0,1.2762488489255127e-11,7668.558571385414,7739.146086068003,86400.0,2.1470448903025763,2.0638836791603006,1.0402935552918904
storm,pop0649,400.0,120.0,5.0,1.2762488489255127e-11,7668.558571385414,7356.289449709434,86400.0,1.2882600370549377,1.2431555891869668,1.036282222643965
storm,pop0054,600.0,3.0,1.0,1.0006394386855396e-12,7557.865585610068,7243.876509527266,86400.0,0.800169581280013,0.75610512905781,1.0582782083188778
storm,pop0284,600.0,80.0,1.0,1.0006394386855396e-12,7557.865585610068,7612.473590976368,86400.0,0.03133582127296079,0.03131287712349222,1.000732738463415
storm,pop0543,700.0,30.0,5.0,3.341288569300066e-13,7504.286861489279,7486.620527814647,86400.0,0.13782443423968843,0.13483980718990182,1.0221346137463931
storm,pop0752,800.0,3.0,2.0,1.229542861443352e-13,7451.831696831401,7429.519348647649,86400.0,0.19712419710129642,0.19545986595330642,1.0085149508308144
storm,pop0987,700.0,120.0,0.5,3.341288569300066e-13,7504.286861489279,7193.52687966611,86400.0,0.003131576163130907,0.00311221958633827,1.0062195408311183
storm,pop1430,550.0,5.0,1.0,1.8005248108714304e-12,7585.0889183470845,7556.730789349171,86400.0,0.915735861266475,0.8883431420726096,1.0308357411641125
storm,pop0631,450.0,30.0,0.5,6.3950279002363895e-12,7640.42992691429,7627.872522981084,86400.0,0.28178994138745944,0.26790560079502546,1.051825495813568
storm,pop0022,800.0,20.0,5.0,1.229542861443352e-13,7451.831696831401,7524.507034994597,86400.0,0.07693495552653434,0.07518367205515955,1.0232934016589392
storm,pop0212,350.0,50.0,5.0,2.6802310000337596e-11,7697.000192297669,7389.992878558681,86400.0,7.093720939925429,6.323303287711865,1.121837846005382
storm,pop1294,350.0,10.0,2.0,2.6802310000337596e-11,7697.000192297669,7759.144951300631,86400.0,21.250323503193442,13.941634689343061,1.5242347096812914
storm,pop0735,350.0,120.0,0.5,2.6802310000337596e-11,7697.000192297669,7487.67017711783,86400.0,0.2786797558219047,0.27048185929810337,1.0303084892460985
storm,pop0574,800.0,5.0,0.5,1.229542861443352e-13,7451.831696831401,7228.747421683087,86400.0,0.028208829693933804,0.02775578535796184,1.0163225190759018
