regime,scenario,case,obj_type,alt_km,inc_deg,B,lifetime_d,delta_lifetime_d,delta_a_km,encounter_count,extra_impulse_ms,extra_deltav_ms,orbital_energy_removed_J_perkg,reentry
moderate,baseline,A_target_highAm_400,target,400,51.6,5.0,21.12493752872332,0.0,0.0,0,0.0,0.0,0.0,False
moderate,fixed_pulse,A_target_highAm_400,target,400,51.6,5.0,21.90078488557866,-0.7758473568553406,0.007389275265268225,1,0.003986275486824822,0.003986275486824822,34.87638765290192,True
moderate,tracking,A_target_highAm_400,target,400,51.6,5.0,18.89862334625769,2.2263141824656287,0.0037289108850018238,1,3.530255998915804,3.530255998915804,17.599949061016602,False
moderate,baseline,A_protected_400,protected,400,51.6,80.0,342.0257318922045,0.0,0.0,0,0.0,0.0,0.0,False
moderate,fixed_pulse,A_protected_400,protected,400,51.6,80.0,338.6317196944864,3.394012197718098,0.0013612100310638198,1,0.0002953512431913414,0.0002953512431913414,6.424733014289498,True
moderate,tracking,A_protected_400,protected,400,51.6,80.0,342.07950816004353,-0.05377626783905498,-0.0008486357846777537,1,4.246269726294484e-06,4.246269726294484e-06,-4.005448359350702,False
moderate,baseline,B_target_compact_500,target,500,97.4,120.0,1826.25,0.0,0.0,0,0.0,0.0,0.0,False
moderate,fixed_pulse,B_target_compact_500,target,500,97.4,120.0,1826.25,0.0,0.0023747990153424325,1,3.4656132150291423e-05,3.4656132150291423e-05,10.182788838931828,False
moderate,tracking,B_target_compact_500,target,500,97.4,120.0,1826.25,0.0,0.2817002868196141,1,0.05869730002917778,0.05869730002917778,1207.9388808308836,False
moderate,baseline,B_protected_500,protected,500,97.4,100.0,1826.25,0.0,0.0,0,0.0,0.0,0.0,False
moderate,fixed_pulse,B_protected_500,protected,500,97.4,100.0,1826.25,0.0,0.008008630537005956,1,7.872042281506994e-06,7.872042281506994e-06,34.597679277923355,False
moderate,tracking,B_protected_500,protected,500,97.4,100.0,1826.25,0.0,0.0003024536517841625,0,4.4286143849412005e-217,4.4286143849412005e-217,1.3066132226269023,False
moderate,baseline,C_frag_00,target,450,97.4,8.0,78.06306952817904,0.0,0.0,0,0.0,0.0,0.0,False
moderate,fixed_pulse,C_frag_00,target,450,97.4,8.0,79.10801095158968,-1.0449414234106342,0.002746532699347881,1,0.0010346299426036757,0.0010346299426036757,12.963275026796829,True
moderate,tracking,C_frag_00,target,450,97.4,8.0,74.90172642364428,3.1613431045347653,-0.005849321101777605,1,1.7274189408046148,1.7274189408046148,-27.60799385317219,False
moderate,baseline,C_frag_01,target,455,97.4,11.0,118.37187067022253,0.0,0.0,0,0.0,0.0,0.0,True
moderate,fixed_pulse,C_frag_01,target,455,97.4,11.0,117.32077598024655,1.051094689975983,0.0001953383380168816,1,0.0010609170847219545,0.0010609170847219545,0.9219716540235384,True
moderate,tracking,C_frag_01,target,455,97.4,11.0,118.2672440078255,0.10462666239703822,0.0005646612407872453,0,1.4328478026904126e-10,1.4328478026904126e-10,2.6651280745959824,True
moderate,baseline,C_frag_02,target,460,97.4,14.0,164.6036733298519,0.0,0.0,0,0.0,0.0,0.0,True
moderate,fixed_pulse,C_frag_02,target,460,97.4,14.0,163.15036757687946,1.453305752972426,0.00013850690811523236,1,0.0007832472059664355,0.0007832472059664355,0.6537346388389936,True
moderate,tracking,C_frag_02,target,460,97.4,14.0,164.5975033584221,0.006169971429784482,0.0005486499485414242,0,2.9758101116583597e-36,2.9758101116583597e-36,2.589556743604397,True
moderate,baseline,C_frag_03,target,465,97.4,17.0,218.06165977458147,0.0,0.0,0,0.0,0.0,0.0,False
moderate,fixed_pulse,C_frag_03,target,465,97.4,17.0,216.4574922355212,1.6041675390602848,0.0004985363766536466,1,0.0003994833141893253,0.0003994833141893253,2.353025998205154,False
moderate,tracking,C_frag_03,target,465,97.4,17.0,218.04370990295976,0.01794987162170969,0.0020594203806467704,0,5.378012168124567e-78,5.378012168124567e-78,9.720195141734706,True
moderate,baseline,C_frag_04,target,470,97.4,20.0,279.8558015096125,0.0,0.0,0,0.0,0.0,0.0,False
moderate,fixed_pulse,C_frag_04,target,470,97.4,20.0,278.17969109689096,1.6761104127215276,0.002088588717924722,1,0.00013718133420330514,0.00013718133420330514,9.857866294670368,True
moderate,tracking,C_frag_04,target,470,97.4,20.0,279.9925615909512,-0.1367600813387071,0.0021282170855556615,0,4.161779822614633e-136,4.161779822614633e-136,10.044907080163062,True
moderate,baseline,C_frag_05,target,450,97.4,23.0,224.51115741773583,0.0,0.0,0,0.0,0.0,0.0,True
moderate,fixed_pulse,C_frag_05,target,450,97.4,23.0,225.33954402123547,-0.8283866034996379,-0.00870680438947602,1,5.5062511433758254e-05,5.5062511433758254e-05,-41.09493932385283,False
moderate,tracking,C_frag_05,target,450,97.4,23.0,224.47904624126429,0.03211117647154538,-0.0011597903176152613,0,0.0,0.0,-5.474059824085357,False
moderate,baseline,C_frag_06,target,455,97.4,26.0,277.2094491539721,0.0,0.0,0,0.0,0.0,0.0,True
moderate,fixed_pulse,C_frag_06,target,455,97.4,26.0,279.242364191905,-2.0329150379328667,-0.0007072042672007228,1,9.200930931207957e-06,9.200930931207957e-06,-3.337912243685807,False
moderate,tracking,C_frag_06,target,455,97.4,26.0,277.33897817170094,-0.12952901772882797,0.00025817637833824847,0,0.0,0.0,1.2185591358786068,True
moderate,baseline,C_frag_07,target,460,97.4,29.0,339.69754422393953,0.0,0.0,0,0.0,0.0,0.0,False
moderate,fixed_pulse,C_frag_07,target,460,97.4,29.0,338.1096249790369,1.5879192449026505,0.0018090286930600996,1,9.937699989807165e-07,9.937699989807165e-07,8.538379786538421,True
moderate,tracking,C_frag_07,target,460,97.4,29.0,339.62054714871226,0.0769970752272684,0.001845355584009667,0,0.0,0.0,8.709838029919323,True
moderate,baseline,C_frag_08,target,465,97.4,32.0,409.564430989926,0.0,0.0,0,0.0,0.0,0.0,False
moderate,fixed_pulse,C_frag_08,target,465,97.4,32.0,408.2213510468185,1.3430799431075116,0.0014330147714645136,2,6.917989217146864e-08,6.917989217146864e-08,6.763643105171445,True
moderate,tracking,C_frag_08,target,465,97.4,32.0,409.61118494128453,-0.046753951358539325,0.0002077739263768308,0,0.0,0.0,0.9806656881259023,False
moderate,baseline,C_frag_09,target,470,97.4,35.0,488.31285353460925,0.0,0.0,0,0.0,0.0,0.0,False
moderate,fixed_pulse,C_frag_09,target,470,97.4,35.0,488.1069102368143,0.20594329779493137,0.0020202625355523196,2,1.5763322612057204e-08,1.5763322612057204e-08,9.535375835769944,True
moderate,tracking,C_frag_09,target,470,97.4,35.0,488.32792819696573,-0.015074662356482804,-0.00010535377532505663,0,0.0,0.0,-0.497255923934326,False
moderate,baseline,C_protected_450,protected,450,97.4,90.0,880.5809565044891,0.0,0.0,0,0.0,0.0,0.0,False
moderate,fixed_pulse,C_protected_450,protected,450,97.4,90.0,878.3988777770244,2.1820787274647273,0.004523091151895642,1,1.1430777481808767e-05,1.1430777481808767e-05,21.348374266334226,False
moderate,tracking,C_protected_450,protected,450,97.4,90.0,880.5055436499819,0.075412854507249,-0.001774450085576973,0,0.0,0.0,-8.375154636996047,False
moderate,baseline,D_target_550,target,550,97.6,20.0,1056.1491432340633,0.0,0.0,0,0.0,0.0,0.0,True
moderate,fixed_pulse,D_target_550,target,550,97.6,20.0,1058.108835295328,-1.9596920612646045,7.901039589341963e-05,1,3.92294574027211e-05,3.92294574027211e-05,0.37291887612029395,True
moderate,tracking,D_target_550,target,550,97.6,20.0,1052.063657422734,4.085485811329363,-0.0015117436423679464,1,0.16281211673601892,0.16281211673601892,-7.1352332421754285,False
moderate,baseline,D_protected_550,protected,550,97.6,85.0,1826.25,0.0,0.0,0,0.0,0.0,0.0,False
moderate,fixed_pulse,D_protected_550,protected,550,97.6,85.0,1826.25,0.0,-0.00011372312746971147,1,3.32211091957303e-05,3.32211091957303e-05,-0.4766152809108194,False
moderate,tracking,D_protected_550,protected,550,97.6,85.0,1826.25,0.0,-9.75420462054899e-05,0,1.2737401342320876e-81,1.2737401342320876e-81,-0.4088001340707677,False
moderate,baseline,E_target_400_i28,target,400,28.5,15.0,66.34082578230355,0.0,0.0,0,0.0,0.0,0.0,True
moderate,fixed_pulse,E_target_400_i28,target,400,28.5,15.0,65.70557888895577,0.6352468933477837,-1.2902564776595682e-06,1,0.0014721079898541115,0.0014721079898541115,-0.006089843705392986,True
moderate,tracking,E_target_400_i28,target,400,28.5,15.0,61.44819168901447,4.892634093289082,-0.0002563267498771893,1,1.8542375161700977,1.8542375161700977,-1.2098291912166368,True
moderate,baseline,E_protected_400_i51,protected,400,51.6,70.0,298.50097443326246,0.0,0.0,0,0.0,0.0,0.0,False
moderate,fixed_pulse,E_protected_400_i51,protected,400,51.6,70.0,297.2534399954893,1.2475344377731403,0.006177869567181915,1,1.002282374684848e-05,1.002282374684848e-05,29.158704063387518,False
moderate,tracking,E_protected_400_i51,protected,400,51.6,70.0,298.572047041426,-0.0710726081635471,0.005824118635246123,29,0.00617976411059254,0.00617976411059254,27.489046282588852,False
moderate,baseline,F_target_750,target,750,98.0,25.0,1826.25,0.0,0.0,0,0.0,0.0,0.0,False
moderate,fixed_pulse,F_target_750,target,750,98.0,25.0,1826.25,0.0,-6.463149748014985e-05,1,3.2136137487373095e-06,3.2136137487373095e-06,-0.2540092042470679,False
moderate,tracking,F_target_750,target,750,98.0,25.0,1826.25,0.0,0.019703710498106375,1,0.009639735818508117,0.009639735818508117,77.43805874143418,False
moderate,baseline,F_protected_750,protected,750,98.0,100.0,1826.25,0.0,0.0,0,0.0,0.0,0.0,False
moderate,fixed_pulse,F_protected_750,protected,750,98.0,100.0,1826.25,0.0,5.2398863772396e-06,1,1.4296207505693335e-06,1.4296207505693335e-06,0.020562888417672284,False
moderate,tracking,F_protected_750,protected,750,98.0,100.0,1826.25,0.0,4.183400233159773e-05,0,7.380616751200952e-224,7.380616751200952e-224,0.16416920409002633,False
moderate,baseline,G_target_250,target,250,51.6,10.0,1.4615425424195057,0.0,0.0,0,0.0,0.0,0.0,True
moderate,fixed_pulse,G_target_250,target,250,51.6,10.0,1.6215125495577376,-0.15997000713823195,0.0002560360526331351,1,0.031708188549400045,0.031708188549400045,1.2084571407960383,True
moderate,tracking,G_target_250,target,250,51.6,10.0,0.731193039432256,0.7303495029872497,-0.0032879465561563848,1,12.622879388169855,12.622879388169855,-15.518675104227217,False
moderate,baseline,G_protected_250,protected,250,51.6,80.0,10.99973090995592,0.0,0.0,0,0.0,0.0,0.0,True
moderate,fixed_pulse,G_protected_250,protected,250,51.6,80.0,10.663047786018382,0.3366831239375383,-0.0006368427857523784,1,0.008505735062772699,0.008505735062772699,-3.0058156118168364,True
moderate,tracking,G_protected_250,protected,250,51.6,80.0,11.038480410917295,-0.03874950096137475,-0.0009322613477706909,0,6.0490682525904856e-80,6.0490682525904856e-80,-4.4001528320786845,True
