scenario,pair,target_dv_ms,protected_dv_ms,selectivity_ratio
uniform,A,0.007454971791971944,0.00046574038219203656,16.00671120009961
uniform,D,0.00015977147627239277,3.758637908897033e-05,4.250781270901338
uniform,E,0.002482003348279047,0.0005318801501318024,4.666471098167501
uniform,G,0.08258268718541262,0.010308734947303038,8.01094291468012
localized_tracking,A,0.007454938023056445,4.9905535994097006e-09,1493809.8298229359
localized_tracking,D,0.0001597714759630859,1.2870356270532128e-84,1.241391245158438e+80
localized_tracking,E,0.0024820020989077783,6.678952827016687e-06,371.61545577443815
localized_tracking,G,0.08253383720808392,3.419433535257358e-82,2.4136698771035524e+80
optimized_localized,A,0.007444009118967648,4.986499687717473e-09,1492832.5649560161
