delta_max,sigma_h_km,sigma_v_km,rho_scale,B_scale,duration_h,target_dv_ms,protected_dv_ms
2.527450545450452,146.89101335149394,44.17631512021526,1.005989395058503,0.9083523937470394,16.540354054761597,1.688718085129285,8.962185802320383e-11
6.031725574781107,314.8615979154265,25.38958381242645,0.9520292924431668,0.9868853639139553,20.721530392196577,3.9149891291808196,0.004082037018188377
3.3648268672266246,383.913707275964,33.64439702720922,1.0974176500675568,1.0807372911579045,9.61621609843079,1.8823845775971173,0.005251601134921822
3.2907465789540247,138.19872544134387,27.731054919241004,0.8758182890057709,0.9796804457701362,6.846074183555547,1.1328174982723358,2.790000622643211e-12
3.996092198021098,261.98123521194634,21.599715100651714,0.8872340435134504,1.0790716913337723,15.045618546342581,2.3638963998384535,0.00021858444462700619
5.075100084686124,259.12445216223966,19.66143917058484,1.0632367552455235,1.0488059564365801,21.74330230280686,3.2967295782630934,0.00040842107168272704
3.2214751426221984,397.18089766611604,43.23092021048946,1.013505855953061,1.0734651953238954,22.00001197164363,2.828952287069796,0.012738041103092654
9.905931491717794,267.32849301619314,50.77676873706456,0.9169530715751772,1.0958076332470812,6.176900073741185,2.9178061492931593,0.0003027342070152539
2.857505039842719,179.1031728712099,32.663811053804054,0.8716139438699384,0.9974258365722346,22.222050423927033,1.7472924356627009,1.1084962848405668e-07
4.278032620475817,272.8097223559748,52.53844369220498,0.8922921352713403,1.0455413848716204,10.748134969617896,2.173988155576011,0.0002964464935713175
2.482158014768517,123.54181420042676,26.214197513492643,0.9841960875073114,1.0352921279137803,12.923392748481076,1.3936839636142944,9.508367688729613e-15
5.391516240924965,256.00971585210675,25.29770807329496,1.0326105269671337,1.0828264317772476,23.455135332989816,3.3063614130988497,0.0003697443896906852
5.468771065187438,181.74583136102683,16.39766414422066,1.0239762835193582,1.0330789574242647,23.258335305024552,2.9185540987851306,3.7074141143703097e-07
7.951987100738914,328.89930292862385,42.25241619381184,1.060034855292505,0.9070169390894854,5.50633243120315,2.924306459874553,0.0026519813985186468
3.182245765096688,214.88528771590728,49.31869366218283,1.0956083949742323,0.9791709481584575,21.488244391772657,2.3574206865085334,1.2168056716818627e-05
8.874714999212063,211.0198905521495,35.15530077464608,1.1240649478592568,0.9567376224592132,17.866924575932703,4.543077145354009,2.1200887575381367e-05
7.998111872086441,200.13752161613428,35.61221908276808,0.8504933007233727,1.054137215664566,6.30763644442495,2.3100453922902875,1.585818970178734e-06
9.362588875624901,175.67421582643266,26.865119916537935,1.0307793588372178,0.9355925168506893,9.155451928435326,4.007656699163687,1.1962045185995333e-07
2.2069440809532637,128.87422885278062,24.9381316609753,0.877823010265554,0.97475238254785,13.323577665785653,1.2428472178353485,9.408596658202092e-14
2.2037487613074127,145.38586225416282,44.55580548427484,0.8941777434389739,0.9824538524405659,7.038355152116534,0.7980265123940831,1.9686921301967044e-11
3.8994628893966548,367.27567159071896,39.17686203033749,0.9080696529884658,1.0062759578021199,8.073522963666269,1.6331733434571016,0.0034140630389187247
4.886117505449206,158.4024266487608,20.664232311169197,0.9093072434791963,0.9966707738146161,9.484875560795512,2.135877044309688,1.7664194574157915e-09
6.933759282345594,131.4734104163617,34.74763820920617,0.8630098137079975,1.0725888767369098,14.420478739643343,2.5715956762404533,8.366283403984249e-13
9.504826782413415,286.36270162003296,39.20163790482894,1.0785048888105475,1.0133512430370228,20.710630831929475,5.322968246493617,0.0026687463873280052
5.6228563175428485,389.84777358128815,43.41366608228605,1.1440756200176376,0.9129842111611867,14.948083295514248,4.712755173397261,0.018135608427068177
4.189539416206735,194.06994575488824,47.382844331834214,0.9145571990959067,1.0229258439988964,11.692565117585524,2.2458498370867015,8.05837219195399e-07
2.36502854300595,208.79266593525568,25.224093949746518,1.029921063756505,0.9964369752176709,20.966792760651465,1.7974206536706745,4.563256664759503e-06
8.295224109421135,194.8112044326134,16.055494955557243,1.0343166084677868,1.053854455011769,22.984875472546634,3.8080254974933165,3.3912602202808335e-06
9.415054920240472,186.28021935945645,59.021655348222566,0.8568864732057399,0.9780033553910856,15.373477058063973,3.823712724489481,8.02586992472699e-07
4.980021947812041,256.65338577028433,56.63610985279508,0.9666776791724094,0.9148092154449137,19.703434875018793,3.349984746387768,0.0003348914735702256
8.507350848898295,263.22289615949916,54.50512095402894,1.1268161203275429,1.0740037788707175,9.496946926930557,4.2295419764303155,0.000406633597846121
2.0667916987803325,239.88742482735853,34.46406764539937,1.062584411926297,0.9847422095477589,14.359243631667788,1.6211038279211636,3.8910465634865496e-05
3.818396053116947,265.7802200167645,36.08722787253643,1.0813686606075148,0.9638727690608093,17.937909850389055,2.9276581936512445,0.0004021092264868042
7.339014562732866,136.08606933719958,22.97659188258933,0.9058050023376706,0.9812240995483746,21.09322526271172,2.8785316562903946,7.705101507188958e-12
2.556680539980002,178.0049789455178,42.149434320021754,1.0074988201516175,1.08906053112803,5.509459199361185,0.7446208833952183,2.4762055254602753e-08
3.346211446950588,242.39559174486192,22.918616040758664,0.869046214133895,0.985037860579659,22.61729858994482,2.2393273439111474,9.151615891978317e-05
8.336331565362208,205.96074759303895,42.868321839515886,1.0543765553196536,1.0460889765104653,6.321161746976799,2.9933208835495995,3.912433655063955e-06
6.734610682157439,186.8886468078599,50.52407587047238,1.034553287785808,1.009598457117557,14.355818563607732,3.43795627730136,6.841993276392645e-07
9.29288440098279,298.1541924967911,47.24223453660288,0.9763067480947671,0.9795793640328351,20.93387438017422,5.184161569213886,0.0038255463986993634
4.056104375747355,271.80153172199726,33.063089461249206,1.1208309928221936,1.0262505548917344,4.8084844946739995,1.2250766737972263,0.00015575244485746984
9.275603951477352,175.15299184459997,35.11134281316774,1.065567853897567,1.033995380766509,15.703652433854048,3.9552910072171867,1.6524908231744935e-07
9.231572126318483,219.69340700452608,53.60432493608048,1.0329983581467481,1.0601000513664856,13.84998428475725,4.355850020885502,3.278586955738286e-05
8.68581436652077,327.12982531743984,15.039682589083082,1.0156310292570905,1.0548695549084686,18.278539530147654,4.941576351935125,0.007347231921712397
4.5323273631667345,368.25284319337175,24.80241431677442,0.9712293539430766,0.90555333676293,9.856392935712302,2.695621744598709,0.005831481104441696
3.0961147117835344,324.3635445632695,43.942674652845696,1.1344321916894984,1.030187978686467,5.3204985057397405,1.040644792041141,0.0008371719927658001
9.804846143362177,165.2908929361358,16.404922021774425,0.916071989200351,0.9698142438876228,19.711287763860586,3.7571917357897155,3.047984572066982e-08
7.881707477007758,374.2701750027388,23.4295626260704,1.0397802758209342,0.925901865159693,4.676770410556591,2.37365677048953,0.005646647932629322
6.1606625548299885,195.55202047581741,33.45055931683632,0.9047079120005118,1.0963170797881543,22.586014717666917,2.9612707049335816,2.3364448542906632e-06
8.126322852755976,189.74650709562744,53.39758469113805,1.0967094935238828,0.9021633362664615,9.451521453786976,4.022191417174806,9.851660452497088e-07
9.693406612309083,185.17566556931735,48.5703103066677,0.9682931882700736,1.0388093539158363,13.572967083942439,3.9797999361262426,6.697474092185496e-07
9.89710142630934,159.0172157971287,51.48633820863031,0.9954940679963141,0.9446361836840614,15.467890293526509,3.986787696807907,7.268715564154544e-09
2.837934575895594,131.07058623104996,47.18823641547086,0.8616824844920374,1.074743211605731,14.778650896078485,1.4277422948526568,2.9549618119606364e-13
2.201646810706494,219.8409248407919,45.01575190231141,0.8539862212316324,1.0700726203511057,19.467723842676254,1.4926384485959434,8.873837148833505e-06
9.264848700363459,201.41280429183976,50.84565279965075,0.9423463527092875,1.0507586414547585,20.278391186722704,4.001540604689031,6.952697065778745e-06
2.3861616199363054,245.64316893083884,49.53455967098504,0.8957718968295552,1.0432570578199472,16.665075149043382,1.6559117313417797,5.972016939832244e-05
9.48411547888815,336.38731251130906,33.13342174223813,0.9324743344208427,0.9800894193953629,9.325350583132938,4.467235308372102,0.005243579106343066
7.629648041007617,391.2817948893682,52.745632000552135,1.073923060249764,0.9429382642501236,22.378555096463415,5.58493849346829,0.03331634996720115
5.365394900597226,147.54990388210007,33.37532858905409,1.1247918814061975,1.0825028448904852,23.54412171665844,2.678478710621975,2.736911319444091e-10
3.491330374455157,325.97720827060357,52.45276851760153,0.9706075128039227,0.9650455788561755,9.917482464710005,1.9729912176832087,0.0016667483023485486
7.589479990165764,155.39843876756407,50.75848821948376,1.0316588669158384,0.9627354750903836,10.183872936362869,3.3279705074911208,1.6786437733132264e-09
6.108566650011872,315.5931551308279,35.54774369378127,0.9445301709650537,1.0181252688024505,9.095928625218068,2.8588219344508885,0.00184786737962702
4.8208222155495495,253.18273888864397,43.19467715008459,0.9395594090314399,1.0760155563302274,16.80327005491866,2.8796446707298835,0.00019333544126938395
7.011146752328701,368.2469648862591,26.237279221968194,1.122364304982379,0.9418858877720914,4.659270993910668,2.2311546774939317,0.004766097999887414
2.7871104283356747,250.86701288499276,39.38014469202227,1.0371439104394062,1.0714506373305939,18.96646517982078,2.103514893340003,0.0001206391369455958
8.585326475071675,361.94835787132905,31.183082520994674,1.1112719172796397,1.0850393273695305,20.094954602320357,5.442516347782597,0.01849933088011213
2.3680620100489325,199.02165589761142,32.901575384637965,0.8644847843936871,1.032927889565746,14.854825964972306,1.4479657510098989,9.661209974703648e-07
4.768105374851578,336.65440615571674,55.350455519260706,1.0931422461100229,0.9765834204796022,7.674403078792643,2.3240632328241313,0.0025719627603047954
2.5275077335704728,321.401573439093,40.26849353965555,1.047127465984434,0.9628608686270466,11.970137354216746,1.8469005950745214,0.0013825116444733153
8.709668844651386,371.07204473594993,50.90887211555617,1.0818296500808091,1.0392968450959366,13.23310667326933,5.545348153204699,0.015219757411852664
6.824381627228748,159.11996910504138,36.75659586899122,1.0748496086529453,0.9103202021694272,15.465574205674915,3.391935076479511,5.690249675306083e-09
4.997811065313978,144.42486281612037,27.06119292953874,1.1415518802255402,1.0841887788886087,10.424161004236595,2.4368657536401,5.5572023332824747e-11
3.0163959640332063,221.3409975207158,19.216862057668358,1.0666652875497866,0.9413555430905355,4.292211957310789,0.8345021761841406,4.5692201935627815e-06
7.354142895205846,316.97723897058165,43.373570888189704,1.005566642381206,0.9768332361400349,11.044826902337789,4.309700752911071,0.0031186783510107276
9.431182602828613,110.25338554478382,41.01136509387266,0.8868388897787345,0.9876804799179968,19.001780698450123,3.062303018351429,2.0353915392603674e-17
4.006994200888089,183.4348014135416,43.05617103183204,0.9616182466152077,0.9067127249051353,4.8210964902107865,1.1785266252288542,9.081385086585366e-08
8.963427875784195,247.85364158028435,20.977141147560037,1.1364081419229293,1.0351378171971335,6.890352801763621,3.705392300607665,0.00014028393429619304
7.094483359074883,395.8512558285198,38.94257523722375,0.9366065945199811,1.0816501382619284,14.1978678261646,4.284268025090968,0.016622109817824634
9.035585735302988,108.850971039006,48.49863100194334,0.9366556818474193,0.9176618007254843,15.574189256100166,3.2624969339097913,7.216738024084539e-18
7.7474977082016405,285.53628015526067,16.44121333448898,0.8794488947546169,0.9856408774262206,15.26744488531777,4.15733192867841,0.00134189774237984
4.995420036046518,125.89224602022578,15.993595787326239,1.0961950491600088,1.0181622216504946,11.576263311381684,2.371804326895252,5.983653652622304e-14
2.7072233835968227,288.49702605677464,34.884341827870145,1.1146420521310578,0.9146994208364551,5.57881378451777,1.0504152278901986,0.0002681119939219767
5.057980239745453,151.57115599458808,21.73059071912,1.0643119468230724,1.0321582126914401,15.327101092308391,2.6075042961095343,5.79235347270381e-10
5.8163565596587725,234.94284924237581,19.19679141100268,0.9905818559369142,1.0708011471206473,22.954084164095452,3.2811519158189206,0.00010136326156219401
5.1026526159808085,236.89916697667127,35.545064705272495,1.100974867682343,1.0048108468198163,16.264617792333738,3.3510842831429626,8.898541431778746e-05
3.5695146322556814,330.4284287865628,31.489751668999766,1.1420425304866355,0.9472674892050479,21.765152689943694,3.2158800430846526,0.004800911634873383
8.41364782464056,245.82264685784506,59.36989428569331,0.9692324528057892,1.0708451064461486,20.187254950450235,4.223472992062491,0.0002661195150330679
8.203335676858863,129.5575875038667,50.140285183691425,0.8848297298810975,0.9312470211970414,9.00475254500966,2.9817566181197432,3.4926188187601906e-13
4.162671117230752,372.7412883069754,32.79122583721562,1.058319372050227,1.095173820385467,10.745780023723523,2.441092680425038,0.005695111393262889
5.831792867290168,179.3227103107518,35.52408110942788,0.9620406083053477,0.9321276583953573,23.718575426299935,3.1048516989236785,2.83674822362119e-07
8.516518433245672,144.29849683132213,52.72378014047364,1.0601352817849503,1.020524315182367,8.25025211251538,3.328156254508718,7.25414427136962e-11
7.03324412944224,235.7145555776511,37.00432664754541,1.1499315822511533,0.921604827084874,13.045390362341532,4.3801970722957755,0.00010490535227347886
2.849564510957845,371.9601769811243,47.20318546756815,0.9336001833610862,1.0059447234506655,22.40884819049003,2.500620540556938,0.007475388218295348
3.847061460026384,275.47045735612846,27.915520570765995,1.1437442893300225,0.9261528684272108,23.98859378384396,3.164205306944242,0.0008927171653483133
9.950782781749425,189.83073926526572,47.17204177827103,0.9836388605107446,0.9193236760813196,19.889078592705722,4.373937115865765,2.0638570934896053e-06
8.356603683880497,115.61973731829033,58.02447781746546,1.1129243034225962,0.9101174871417619,15.130744980111949,3.5861316137745796,6.274527266685034e-16
8.878777744564111,205.18007412987396,18.740879283762716,1.006333604116187,1.0929594001235312,15.892963538498108,3.9562801279315325,8.384197076653277e-06
9.92658513049374,241.45727524353265,39.327018752805586,1.0392865095190373,1.0672240026721318,18.43000507755774,4.762810775354671,0.00023533980208166732
8.635103439242059,314.50268006799945,27.111229521950143,0.9687931186080837,0.9296064777093971,23.058701572250246,5.174668398803704,0.006838466537318784
5.6037399655098294,388.78401632193203,22.306642748865432,0.9191553895947769,0.9245203549027794,19.403552465014716,4.1422806894997946,0.018157740974376824
6.787674594635288,261.1864448568274,41.445493947351025,0.8918041614388967,1.0423299154277266,9.606831050241059,3.0019106955858894,0.00024172094555559222
8.038404436909484,294.04542857895217,56.439046991106544,0.9531921380694006,0.9738200993220698,14.60971750717689,4.6397157243791165,0.00201927408113137
9.301729586511922,156.2191899466608,59.61750073165519,1.05618166366409,0.9976381007517463,12.195598743716587,3.8143817054639517,2.929816077186452e-09
6.188856469354048,250.42297747223324,48.13346378295906,1.1005621865396664,1.0800934464931262,18.632052513246634,3.750087723107903,0.0002697834347608658
3.4994742662065956,251.79537458576758,31.09963975541508,0.9660348548647298,0.9262649384375758,17.188890881956883,2.562509694886142,0.0001572822717786625
3.3291701299888965,367.73821370740563,27.198687514859564,0.8997798419193922,1.0657833712536788,22.936049628181543,2.6275344022306135,0.007534029141092833
5.4674341146105565,204.16548329372586,16.65028248806916,0.9716217799160477,0.9937751210956807,14.723324662273342,3.0441795185674727,4.572277474899317e-06
2.7812802251665154,273.32724115275215,18.510748258481577,1.0537814280551296,0.9295899740507463,8.726131242545309,1.547663610334636,0.0002124652699023482
9.955398160865762,112.52860494534612,35.68548901309903,1.1191764665660644,1.0840733563571499,9.250110304141591,3.596475476388292,6.498556505331324e-17
7.0861502621757415,347.3855129884711,34.59312876049526,1.1380335597577398,0.9106015336809704,11.480080025600289,5.078289031328216,0.00810486626125172
2.535822969644202,293.0363177858844,23.581656037944995,0.8642414475481821,0.918292719785765,15.001119604083335,1.846293225495303,0.0006050701042169698
6.38513532240604,101.9093137225802,58.12998047433757,0.8889279614651375,0.9739650767207115,18.175845259400006,2.2950908332471043,2.166318945034408e-20
2.8984595969033737,100.5661913353928,39.05157202916146,0.9860891195948756,1.0133555594367685,5.362735364774448,0.8669464193610344,1.2002456761293935e-21
5.447287172573335,389.61386967503654,33.52456711431125,1.0326565600618522,1.0633042433276867,16.646220671366965,3.9493129659866226,0.015118845502105953
3.667393272802256,271.8438956238073,34.05091466561568,0.9665567692182568,0.9369512678620515,18.232092068056637,2.734642849413563,0.0004821199907947358
4.142059211912055,386.5418405506725,49.6390792234953,0.9966784688477882,0.9671122762685316,12.254361864503368,2.9027693203366254,0.008662278092084622
5.645931477072313,375.90342311947956,42.33752677094189,1.0296487582014524,0.9251668948800569,6.96614631403928,2.4964527777062555,0.0061172382476744405
3.782046164756035,349.6675715861738,39.84440629536401,0.9118623222853373,0.9619167268029737,8.843243543822659,1.8030845074304769,0.002663877439790097
6.68954173055332,311.3816319385044,27.45251051940148,1.0103465256425743,1.0572088545210354,12.477277605263671,3.9877796060613084,0.0025127505885609975
5.440475767894416,163.77114259724488,23.834503146310247,0.8737068046764005,1.067732663217283,5.50538346411746,1.4006531807354845,3.3903775672897665e-09
8.209127608165979,281.5525804652587,20.724031322070697,0.8521545123206434,0.9360828108726387,12.324338453521076,4.3153404646169955,0.0010094427892073537
9.782380439751051,361.33758626063957,22.77377840983246,1.13605070687048,1.0264060179054888,15.959035308185317,6.114501139450381,0.018119668447162347
6.088124381215813,378.97199555215167,24.4333707962966,1.067214006003658,1.0912003829575878,18.725578198041124,4.28785221406281,0.016041549825218656
9.682471074916776,312.3222813662578,34.39124791660789,0.8656449684373152,1.0606686834002332,6.387311197834654,2.8822746319279715,0.0016579908148547549
9.140861190327701,279.352804077188,49.40793701100284,0.9930007951637981,1.0835358807582371,16.650413442594804,4.747100455228428,0.0013705893116408895
3.282623734720434,115.36620462237809,31.96468538047428,0.9408172123483816,0.947750681860688,9.47887186611982,1.5229516962005556,1.2232688552064093e-16
2.7269367743690456,132.9709352189032,50.351311979141016,1.0915880377448752,0.9351329567387789,14.154854887356091,1.7590503957967074,8.252602343731019e-13
9.13453479600167,140.96891836072865,30.741813903156967,0.9836679661844264,1.0960670287250305,18.919289103375178,3.2774612138744703,4.7626725354478355e-11
3.512308915995219,106.32794614985632,16.474417440922444,1.1002032380706521,1.0781428470549894,18.735378025920248,1.7306857662331514,4.83461132996388e-19
9.184480570733127,317.3289233493074,39.98755302660037,0.9208584950787236,0.9720892663615487,18.329326383372752,5.13886847240047,0.005862128057434921
3.5994956908180216,133.28433756571025,26.32023999700642,1.1430472388864286,1.0998644564368512,20.93179476699859,1.9928136597003379,1.4382395302177235e-12
7.27288556562695,113.82603618541552,42.07106855665914,1.0719736857375695,1.0912481655431137,5.237601964008713,2.1502713823850312,6.084181681297816e-17
5.251545176770251,175.0273993297027,52.98332281684704,0.9113930366043075,0.9987703124756938,11.55280728748044,2.61183993766228,6.23888562905031e-08
3.255189680787404,396.3962237935168,15.69606319984638,0.9136342762698885,1.0700381551411386,8.702578971138989,1.3820177928016584,0.004667094221286953
9.525439910334715,198.42534809906618,59.78621490445921,0.8909912049940918,1.0097450970205792,23.03486801430156,3.998539348579992,5.516422171563684e-06
2.3500158224209127,317.78617028661097,31.31193960797179,1.0290705418413417,1.047872067414389,18.069858059233958,2.0212951136259893,0.0015553577124283742
2.3106949029804245,122.08668577554405,52.85940071333768,0.922122248576725,0.9446987852883316,6.05819183313192,0.7798099409349566,2.2520094841570814e-15
8.521825144235002,321.0810168031487,57.945268981699286,0.9733572852743295,1.089587457158307,13.926921133783264,4.70005922623886,0.0044058523401567275
8.857413886305116,279.76726615425787,29.44416632779209,1.0577723620158166,0.9740669710657657,10.555437609195994,4.7763078328220585,0.0010338294048389393
7.580879154648752,169.02384489582732,43.99268770340584,1.0782862680253404,0.948596754730392,7.169471556482357,3.210948192469294,2.4051663934167535e-08
9.54081396056101,225.212573423278,25.776088289752686,1.0929301859566465,0.906033503643352,8.93447686761228,4.659216405530931,4.3594696032912055e-05
8.078016306143983,357.89658519494645,58.403196758632525,1.0638308343008112,0.9023173012640601,19.78045833132844,5.698068146801992,0.018123053098890902
3.433379985307335,383.6178331312658,40.21752902033417,1.1445668754748146,1.0936896265289724,7.378264709804735,1.5143501766074006,0.004203270686164044
2.8167851074613477,219.79988526042143,43.42440917512663,1.0127938286887006,0.9589426722416163,10.972850996034499,1.778830936864089,8.806409816607262e-06
4.913911422820962,346.2984798268818,28.787039979936587,1.0980231765369584,0.9219227528229942,10.152011459087891,3.257639421421162,0.004629161340501717
2.899077266786718,187.48802269054602,43.43564009633937,1.1160570551021498,0.9404673965149781,17.33317273371044,2.153492039660156,4.312611743994532e-07
4.8374347655141205,325.52019583554215,25.447643733575347,1.0058805806163034,1.03305648747672,6.137957060967048,1.6539782779540753,0.0013746037806560876
3.360349601206342,351.93706086534837,45.431167853971516,1.033943306934033,0.9523172650755506,8.280388643032822,1.7301643971956135,0.0026770669611472747
3.434403626888453,366.4732771371429,33.11877506400201,1.0742808620158302,0.982292896633165,6.239456323168454,1.3444785159779808,0.0027771967697683233
6.728924069116425,163.30614617479603,53.63863219121334,0.883489627285064,0.9544069232210681,23.078967024119425,3.045004741539729,1.520787442808888e-08
9.593881338001214,271.57996702708346,37.300586782411145,1.0034249554367989,0.952048765108709,15.736840951096818,5.174094482110425,0.001112490020418906
7.587881101768402,362.97865102587474,47.917955434068375,1.0927096628482402,1.009699182517189,20.476600464361418,5.22014661761103,0.017920508325697034
2.5917239183642797,266.6341558134182,42.79602362415593,0.8863396228617835,0.9327396652225431,10.774805403742866,1.493183747384081,0.0001500562062525556
5.091852104718236,352.5608155602072,15.870184904922427,1.1122630328477159,0.9155557594243375,10.53815762185641,3.4974580671221935,0.0057992185702444455
5.081636413186394,104.27338335897981,55.87196064738984,1.0250365690532603,0.9700057602062016,20.46251062745758,2.1805966514349118,1.470664481870824e-19
3.0846851330522718,183.22488971030714,47.82185770818995,0.8813499620378783,0.9699817373149862,12.36794709258568,1.7821583929754663,1.4403744814423168e-07
6.833116136707778,206.75098124779333,27.338698856641862,0.9736459490509781,0.9354821889491756,13.494252151347315,3.664189762524879,7.381731306364001e-06
9.591163038888999,316.4408487933698,16.82548886720139,1.1418428195014205,1.0417360990960955,5.5179090889423685,3.3142411993070406,0.0021383772569656795
6.1665327537153205,232.20558154721317,45.38978803898115,1.1095387064700557,1.0609213758942182,16.214623184638757,3.6682212184865235,7.340609052051045e-05
3.426287961205639,309.45886090273495,57.09775854017702,1.1418569132008005,0.9615817922861719,23.35142333235071,3.020667801330996,0.002669326077116548
8.524864806627617,184.50846132185137,17.305107537033138,0.989400237545762,1.06108933821297,9.875114873131452,3.485382322905647,3.9853871328627756e-07
3.146807237716194,367.95613814491145,45.12363632243415,0.864024394814982,1.0213474031817669,17.521007453826865,2.364879477832255,0.005574902738522149
7.9439302835668,182.9256305745186,25.33638491343865,1.0799233186535093,0.9480507467354795,8.363901818358244,3.6002073019162726,3.054209003146129e-07
9.05190015218993,286.0268644353855,29.358177497779018,1.1370690940683006,0.982957391995864,21.90007381902522,5.3756133266436015,0.002849008589429296
2.3394639231359635,222.5208494492284,18.17079821526744,0.9661080968300443,0.910148270969407,12.256978519924338,1.634023045271545,1.0263979021150382e-05
8.520312036655824,146.21194214904196,55.74708826345507,1.0053450307346805,0.9015486620494936,10.62043427631244,3.60569608178386,1.7383871995328053e-10
6.999049494196478,288.2873306419457,32.42793522957707,1.0079123169014865,0.9146381032239644,18.50194488235691,4.512830670103213,0.0019830714016949324
4.749386762470368,309.3651338607607,37.412735092267674,0.9670012194564906,1.0898941569281346,16.33774940281782,3.0861011157389866,0.0020123623799324307
6.205319244518758,191.25485404902196,57.95372614147967,1.019081834677421,0.9484238560147148,14.17237999098203,3.3998435349621134,1.1812918116184444e-06
8.922208714716461,261.9423332425893,38.007229301544356,1.0231194558003431,1.0329271626562233,15.213865205207473,4.720888959182997,0.0005903459340871551
4.669153080657218,358.48001090778257,28.180987019358923,0.8738741561358444,0.962385541335784,13.146043469418458,2.9650781972500284,0.005592167009989636
3.8632034100023036,334.9728717651934,23.115787123802583,0.9627259136725429,1.0422720158260437,14.30858972858076,2.6238917887136664,0.003045545228137216
5.912996875435569,355.25084909626116,24.21402798480431,1.0228444769998921,1.0517581552418782,9.43732151033372,3.030471646028005,0.0051436579764503445
7.944794592405642,272.22579023179287,31.04397176539053,0.9394560502709699,0.943440104055115,8.355697096457389,3.5419218901687226,0.0004884042903458192
7.001768389577052,311.71492737258745,15.671094854295703,1.0830816884396037,0.9901249651427791,23.231322233882274,4.561887725700705,0.005375416339571392
7.039154050211229,217.9180454704785,45.91714244668955,1.1478673212316206,0.9053310432648826,9.873144028812256,4.001995969975544,2.016219718928001e-05
2.083081713772775,291.5736029568719,20.797223521894242,0.9594336133173523,1.0560314808125133,5.6958135788731905,0.6144046786583016,0.00017603997605238685
4.14787300547182,313.3726785433654,46.958076442633526,1.1277711118475748,0.9282831045612442,16.562317705163764,3.4619623040342424,0.002730376242784638
6.1740681097907055,208.6295056687153,25.123044425505075,0.8715195093391278,0.9471668528835364,8.947421103664384,2.6604249186197673,4.856419486950805e-06
7.87106393936862,167.0879364458261,15.013713149464753,0.9489620279836308,1.0133197886496226,9.162851615148469,3.1018902441690397,1.7924425335908116e-08
7.609379513408151,173.8951492050009,48.867203834079255,1.072781962309686,1.0161293488913876,21.450037091039153,3.584759775464859,1.413240957380661e-07
5.554482531522721,254.17668127049447,38.410240752721634,1.1490446962129428,0.9369693583620794,9.692483711531914,3.4029660223368507,0.00019561867385951398
2.5641487458448378,103.8110905967801,50.4690786641826,0.9366778906281084,1.0666749498385755,22.836614239125936,1.28650873405277,4.6376054716527377e-20
5.304891200676482,171.265950745407,50.216361280284126,0.973499890939088,0.9283637439433482,21.61250548321495,2.893276537379165,6.139927992707289e-08
2.0521449256520983,213.61586802721024,29.879133613337622,1.056796258579023,0.903391696555442,9.505665280086632,1.275234205771892,3.5385033040904998e-06
3.617785887887657,238.58692610796967,17.409382570717856,0.887324713413297,1.0445437732376164,20.422277861015274,2.2824462387395825,6.802893377455827e-05
4.471948751875416,209.08852242356377,53.82681542577659,0.9514844220527794,0.9345320018023326,12.675200696709194,2.7308096768133194,5.693735876499358e-06
8.797113262951815,375.2704802263564,53.53361226750601,1.0890492771609799,0.999619807192388,16.184571090857304,5.850306810846348,0.02099930194114235
7.66602116716718,122.07582854080286,53.03522539588301,1.0937497595182561,0.9902393201498223,13.70661057900741,3.133185010972027,1.6990989197549253e-14
6.186516954944983,274.83702175293786,40.03486145791217,0.9008454219943539,1.0051633240477096,17.62380318725216,3.604168219067967,0.0007890620991844212
7.726582386360556,361.585402622169,53.5797896779686,0.9478020469073519,1.079612487280007,17.228780296781952,4.6271641049608965,0.012357590910340858
6.863725943641888,304.11390805159886,53.02970467461528,0.9697458646887238,0.9236487143177099,21.7637036744066,4.448499381680798,0.003766420594574952
8.8354038164027,394.7534514166977,47.780398323701235,0.9224950824756786,1.0097278083434897,9.240265863022945,4.132289335648842,0.014075643477388235
4.579799481180354,167.31409928884267,35.2928292581568,1.0020624460446195,1.0137348826983554,16.609377308820285,2.523726662821127,1.9511156086963128e-08
6.876872588691056,368.35186412525536,59.41961948823957,0.8563661220597187,1.0337445503345566,13.080651927656076,3.862809439143223,0.009041256580494515
9.570413585923726,237.27349490084762,46.015125996043906,1.0843374361154643,1.0019723926948114,13.441013410892422,4.864105738464779,0.000142147396125853
9.310769370855548,133.82277537150216,15.82490745997686,1.1155389290497906,0.9462751763553517,6.855734159735408,3.829005781839076,2.110988426505204e-12
2.682174185776918,287.6033202821622,30.578023066815817,1.004639026448569,0.9686961037184322,16.14539263672421,2.154783651748792,0.0006157941931475329
5.037749019821468,361.20688584803736,39.30863401519365,1.1231173026603036,1.0226025758461728,14.257483906616532,3.8112945714635886,0.00832257216731744
9.023459215743685,268.0950568019223,33.892270875403476,0.9030293822343746,1.0764981535832134,9.571480301220436,3.7633047204680503,0.00044186658032022646
8.845069365923642,258.62178766529024,25.813949439423176,0.9760877740685411,0.9892518797261544,23.169329579465042,4.638045751016637,0.0007133155435302204
9.38167975659389,123.54487626582284,24.555151328889092,1.0627695715616858,0.9392295050314505,11.951565859791918,3.7466286397914024,3.992252888893997e-14
3.2502713420318283,254.435593309202,35.59298738821823,1.1325473995690025,1.0721918779173374,6.47733566207089,1.2760062076701082,6.767278261566571e-05
2.7430992300625725,177.50545280835047,30.688205917175118,0.8911657338513471,0.9058256064072926,13.273621656287974,1.7331964875199897,6.001623448592679e-08
2.498065243180548,207.39863785688343,38.55532247709845,1.0213149477713366,1.0035187997773025,16.644061568666814,1.8170526171864305,3.4054755207289082e-06
4.026227998648924,293.9324065778733,52.81627349184639,0.9310581769454618,1.0705976552009724,16.53588212532062,2.6570488649659207,0.0010081966497129007
8.725836706514784,252.5323236004923,17.855928718910093,0.9970598108403026,0.9950167714402782,5.755363010471549,2.867486493278746,0.0001367412834801327
7.979018732939792,137.44315282783896,35.24821537603528,1.0120963239581655,1.088301757053834,6.253466937176707,2.5963427149954432,4.967334749605762e-12
5.122788118951283,316.5248795879211,17.906287228976034,1.1213625396016642,1.0836585065228352,6.087347342213739,1.8437143389573323,0.0011946447572842394
2.4873088260621614,382.01683599795336,19.175315235294256,0.9226702114076182,1.0333351403984818,18.52857757408421,2.085301116583913,0.006257856942594774
3.885075369094989,271.73854030867096,41.02653127169819,1.06413899200776,1.0599992239527876,22.580157046663675,2.8145569453870944,0.0005971919663739505
6.387872495889445,144.27466105432472,28.5784225905166,0.9489069977718361,1.007785786025738,14.035555606184412,2.781657145443668,7.887013629417021e-11
9.428660260390231,394.80530125360906,52.48382895086147,1.0900713615725601,0.9935876007368523,15.197294330532358,6.271380641227803,0.02917987562545267
8.299285314028058,373.8576874592291,26.107753335984242,0.9195894458003492,0.9055053802902825,7.584006714932704,3.5777352698442497,0.008607376875249671
5.725507146297918,390.8045640847582,47.14860535161733,0.9421310234210003,0.9687348866327974,19.53756340049634,4.1975677013910815,0.018855698164549687
9.45851152805865,177.2824662732408,17.78650429203322,0.9571224327411936,1.0266375621802812,5.381623302557711,2.7188700943781834,8.018989763777455e-08
8.222708756642785,190.1622005006918,56.25622772577376,0.8612043825165084,1.0895295048729543,22.60164173203467,3.4145356201531962,1.5001041319055793e-06
8.347731372133325,297.6147118208911,25.588009611439624,0.9920105147589713,0.9084540186289637,4.702183484975016,2.4594048269227677,0.0008748100199874455
3.9552469038610756,340.2334324431049,38.82155749488227,0.9625982140146153,0.9426991046900973,5.449616034181638,1.259205923680844,0.0015063485824376435
2.2688425950175235,170.64303272765477,23.317382403169276,0.9618480264566265,1.0122728055498291,5.57437603868823,0.6859383257831292,6.387903811839202e-09
8.444458379138691,374.71828993763586,55.96825713237019,0.9309470793553826,1.0380687661729202,16.70469836981144,5.040563957729523,0.01699706360117475
2.630225048849292,191.88019138618688,29.44720442258174,1.097186535521677,0.9618119149431439,23.27477039413667,1.9809974863435378,8.504298026221373e-07
4.761330944208352,333.63994312551324,51.61928386545622,0.8715850339397488,0.9121293453593212,9.564881858570905,2.456087803409943,0.0025400937320163176
8.277285180422476,188.92371682148217,19.32774839914837,1.002002239024296,0.9956832682617477,14.080063802550086,3.8023737060752376,1.0768194021807165e-06
3.4916446479358063,295.40455469405447,37.76015515104129,0.9743442133731285,0.9354770964539856,22.654944190040016,2.7770653204235694,0.0014600117458713978
7.597095807883184,242.44729702359297,43.0678144706551,1.0555814357496476,1.0002357930464258,22.16410332794411,4.280789445050259,0.0002421087080622755
2.343713610673958,278.0418216410927,49.94964839130288,1.0921288804437093,0.9766110448413419,22.74133884515505,2.13492348305503,0.0005308692876228241
5.85101292722493,209.0777659797124,56.67550267329535,1.087678606692439,0.9596867304703505,16.772700358858067,3.534057805632653,1.0548405053351606e-05
8.616707732428655,374.6164088953895,27.974626790459997,1.0291407503870893,0.9659689901070072,20.610130758909843,5.6561849750615245,0.02492301812825276
3.579916974647535,320.64655420451726,17.399893465674463,1.123410240679707,1.0976671594143028,22.01884807930498,2.8740393671814335,0.0032022994176319035
8.312795968346657,162.71079788948072,23.24417798554611,1.0461139860795228,1.0154543376352416,10.907949007139333,3.5358766517350997,1.0019209703879997e-08
9.044941412891092,364.4630483968033,41.16203318143491,0.9334579009126093,1.082691120060757,5.320380160930248,2.3801792622588467,0.004731895207632488
6.7649438543938665,195.42376466704303,50.057222642080994,1.1211197964354453,1.0717560815873237,21.586240406835415,3.567540507766597,3.0145169154504108e-06
2.3442401979690954,220.18985189601105,40.654608893173226,1.0459034709799357,1.0905092625758133,12.787618117761502,1.533493677388572,7.966420934405685e-06
3.775419941196258,203.94394488108082,26.42475771740797,1.004973240574249,0.9102241814411327,16.936233635891682,2.567816449298159,3.916301976302711e-06
8.650794647586014,159.22200830906425,39.37227533271559,0.9437328025198375,0.9601948715157075,13.594804220856354,3.5395235189874987,5.606871641392562e-09
7.1350848426782765,229.0366468046616,31.707618184716,1.071025704391821,1.0541283937845982,8.160728127778508,3.140911063405219,3.413673612962449e-05
6.486843203482089,186.50429770873427,44.07401044747984,1.0565071203703238,0.962598811555315,8.156706986456593,2.9693442992163748,3.956412184959107e-07
7.139675865524286,211.53537853140853,38.778467847967434,0.8951677815870792,1.0023019160563573,10.67561681085834,3.2863071470861094,8.637801201720281e-06
9.815110910942085,308.02292804495164,50.428967120032304,0.9277209518722341,1.068022846239512,4.601447539870803,2.2451061552456406,0.001126640709959291
2.796612428865031,372.9210438447345,19.601651138936887,1.0460983082353499,0.9670554561848385,6.621380622301093,1.1527859077002,0.0026698028155911864
7.352164569360823,361.7033849547661,56.642087847671824,0.9687873208722764,0.9757756979324749,17.454786725808688,4.836532911081228,0.013457570967906531
7.504174219804321,274.3032520355165,40.87817956455298,1.0564160007158743,1.0137388842528154,16.521368870437538,4.472814373546422,0.0010161039922730744
3.1713667515653983,152.4173875998242,48.82960315974403,0.8610873954174544,0.9915054636388044,6.209591892614117,0.9768636680523788,1.694564955068269e-10
8.806096456652664,121.53040879111728,26.665555739460057,1.0355074635590278,0.9652993932649249,21.636030111794728,3.3982865176224046,1.8952386862838088e-14
6.694742060133725,142.63952425893547,29.511214882693825,1.0392452505537577,1.0680324863344879,4.1184471801107705,1.527060010051435,1.6249285343722706e-11
6.111642146008225,369.2782868368135,19.40926339615215,1.009717588162276,0.9003904558249025,15.551198664450059,4.520784944853607,0.013014134289351293
7.431923309514692,296.5701204470893,48.723226008144565,1.0939358327042183,0.9306619528172838,12.859489151600217,4.908893303151791,0.0021700219224413614
9.421826160112216,244.79314079838875,49.49472955883021,1.0650311775364494,1.0251007971738029,5.859229039706025,3.2688328597446596,9.840646823674778e-05
6.494233487150386,112.52653213157909,45.054336279040754,0.9719887208318139,0.906602382667081,17.512862481981575,2.658703705996232,7.03870113329851e-17
6.265857437580719,284.2395667226185,39.719544503155454,0.9751045697527734,0.9459591214987355,22.534917476104674,4.017700466679019,0.0016885941354189155
9.194847081820143,319.6888878702508,21.543543971307002,0.9207005264242702,1.011177113697216,17.342101802642453,4.985230763256246,0.005744000092151468
3.6484957183256954,199.98266765881738,29.308835638234733,0.9178746281751087,0.9568340230611114,15.582833741397714,2.2667511011913883,1.981047428587867e-06
6.931181690977245,284.8489662613441,52.27620020946993,0.8791121941789134,0.9641678313118623,23.070082911552273,3.9994855537683827,0.001742351611960479
3.439981525366802,333.7951345347948,51.92467446115414,1.120575169583971,0.9831251829712642,18.768999028341305,3.0402722198770347,0.004181779096972936
6.408554743001561,286.3605897047967,52.4802845310775,1.1042306569557065,1.0463370506237257,16.90279721385724,4.148383665209485,0.0014876017520575188
5.165700244869287,211.04019188179336,29.008789298589846,1.0571536328456363,0.9682345389128575,12.421992149523934,3.170528341899078,8.379499740719442e-06
