scenario,case,obj_type,pair,delta_a_km,a_drop_km,extra_deltav_ms,encounter_count,delta_lifetime_d
baseline,A_target_highAm_400,target,A,0.0,279.9925952321646,0.0,0,0.0
uniform,A_target_highAm_400,target,A,0.0073445476291453815,279.99993977979375,7.967295160603104,1,4.848568733369763
localized_tracking,A_target_highAm_400,target,A,0.0037289108850018238,279.9963241430496,3.530255998915804,1,2.2263141824656287
baseline,A_protected_400,protected,A,0.0,279.9978009168526,0.0,0,0.0
uniform,A_protected_400,protected,A,0.001988819663893082,279.9997897365165,0.432725679866959,1,6.390994329017701
localized_tracking,A_protected_400,protected,A,-0.0008486357846777537,279.99695228106793,4.246269726294484e-06,1,-0.05377626783905498
baseline,D_target_550,target,D,0.0,429.99983139059987,0.0,0,0.0
uniform,D_target_550,target,D,0.0001172126576420851,429.9999486032575,0.16303641530081098,1,4.1019175820861165
localized_tracking,D_target_550,target,D,-0.0015117436423679464,429.9983196469575,0.16281211673601892,1,4.085485811329363
baseline,D_protected_550,protected,D,0.0,32.18310035586455,0.0,0,0.0
uniform,D_protected_550,protected,D,0.11336755305364932,32.2964679089182,0.03827561758763696,1,0.0
localized_tracking,D_protected_550,protected,D,-9.75420462054899e-05,32.18300281381835,1.2737401342320876e-81,0,0.0
baseline,E_target_400_i28,target,E,0.0,279.999991636907,0.0,0,0.0
uniform,E_target_400_i28,target,E,-1.666609023232013e-06,279.999989970298,2.307067256297784,1,4.647243036278354
localized_tracking,E_target_400_i28,target,E,-0.0002563267498771893,279.9997353101571,1.8542375161700977,1,4.892634093289082
baseline,E_protected_400_i51,protected,E,0.0,279.9919458036866,0.0,0,0.0
uniform,E_protected_400_i51,protected,E,-0.0001441978329239646,279.99180160585365,0.494758562118679,1,6.758588865497529
localized_tracking,E_protected_400_i51,protected,E,0.005824118635246123,279.9977699223218,0.00617976411059254,29,-0.0710726081635471
baseline,G_target_250,target,G,0.0,129.99973089552714,0.0,0,0.0
uniform,G_target_250,target,G,-0.005871597631085024,129.99385929789605,64.47964598095966,1,1.231858254668642
localized_tracking,G_target_250,target,G,-0.0032879465561563848,129.99644294897098,12.622879388169855,1,0.7303495029872497
baseline,G_protected_250,protected,G,0.0,129.9999864496749,0.0,0,0.0
uniform,G_protected_250,protected,G,-0.0006283415350480936,129.99935810813986,13.187795271784507,1,5.123875785416616
localized_tracking,G_protected_250,protected,G,-0.0009322613477706909,129.99905418832714,6.0490682525904856e-80,0,-0.03874950096137475
optimized_localized,A_target_highAm_400,target,A,,279.99994980034535,3.5192308751770955,1,
optimized_localized,A_protected_400,protected,A,,279.9989300110119,3.69099074125078e-06,1,
