N_base,n_model_evals,param,S1,S1_conf,ST,ST_conf,S1_minus_ST,ordering_violation,sum_S1,y_mean,y_std,wall_s
32,256,delta_max,0.8029373255309565,0.27001199328634695,0.5488846973700894,0.19455300259228592,0.25405262816086716,False,1.2804036170112,3.4986291170627775,1.500764974904373,10.29166030883789
32,256,sigma_h_km,0.05216233356680107,0.09932106093498505,0.07368406697820218,0.05151241366677296,-0.02152173341140111,False,1.2804036170112,3.4986291170627775,1.500764974904373,10.29166030883789
32,256,sigma_v_km,0.007035877456013361,0.009468930221545815,0.0010948945393102515,0.0009605205792304484,0.005940982916703109,False,1.2804036170112,3.4986291170627775,1.500764974904373,10.29166030883789
32,256,rho_scale,0.05127207429763224,0.062372081765004715,0.022542729018974226,0.012859257726416884,0.028729345278658013,False,1.2804036170112,3.4986291170627775,1.500764974904373,10.29166030883789
32,256,B_scale,0.00957652197229775,0.04468410218082785,0.006277004380557125,0.0031377005934019103,0.0032995175917406253,False,1.2804036170112,3.4986291170627775,1.500764974904373,10.29166030883789
32,256,duration_h,0.3574194841874992,0.3146552286017435,0.42855787633842835,0.2099076791003509,-0.07113839215092915,False,1.2804036170112,3.4986291170627775,1.500764974904373,10.29166030883789
256,2048,delta_max,0.5098512902332664,0.11888882279567667,0.5548127188669242,0.09517958295775222,-0.04496142863365782,False,0.9313307008645841,3.505894540844495,1.4951111866666633,99.57796859741211
256,2048,sigma_h_km,0.08395953785844362,0.0594409537053806,0.15086749275415967,0.03961008465213722,-0.06690795489571605,False,0.9313307008645841,3.505894540844495,1.4951111866666633,99.57796859741211
256,2048,sigma_v_km,0.0036038809398576295,0.003959888476899761,0.001145977084571101,0.0006329845764151018,0.0024579038552865282,False,0.9313307008645841,3.505894540844495,1.4951111866666633,99.57796859741211
256,2048,rho_scale,0.028537029549997126,0.030041084395065334,0.024152515920458258,0.005383866016417906,0.0043845136295388686,False,0.9313307008645841,3.505894540844495,1.4951111866666633,99.57796859741211
256,2048,B_scale,0.007886814069778474,0.017663075059244734,0.01065802928551569,0.0023808397041786577,-0.0027712152157372168,False,0.9313307008645841,3.505894540844495,1.4951111866666633,99.57796859741211
256,2048,duration_h,0.29749214821324094,0.10580786182599922,0.36973218339276237,0.08855060729577337,-0.07224003517952143,False,0.9313307008645841,3.505894540844495,1.4951111866666633,99.57796859741211
512,4096,delta_max,0.5154597616164827,0.08500751239356072,0.5597082296118611,0.07914363599314854,-0.044248467995378404,False,0.9445544474613436,3.5059617706882817,1.4903925334455765,161.45972156524658
512,4096,sigma_h_km,0.09379979775575537,0.042986492087728444,0.14950625581923818,0.027346746713865798,-0.05570645806348282,False,0.9445544474613436,3.5059617706882817,1.4903925334455765,161.45972156524658
512,4096,sigma_v_km,-5.643809307103986e-05,0.00435805320920933,0.0013294566150069134,0.00046883579294924903,-0.0013858947080779532,False,0.9445544474613436,3.5059617706882817,1.4903925334455765,161.45972156524658
512,4096,rho_scale,0.02270451550189419,0.01877562105771534,0.024655213217323,0.003533021361716293,-0.0019506977154288077,False,0.9445544474613436,3.5059617706882817,1.4903925334455765,161.45972156524658
512,4096,B_scale,0.0066540368044059415,0.013435825625548395,0.010334156040630751,0.001662593836131661,-0.0036801192362248096,False,0.9445544474613436,3.5059617706882817,1.4903925334455765,161.45972156524658
512,4096,duration_h,0.3059927738758764,0.06842262188218015,0.363011675069928,0.06161978432034295,-0.05701890119405156,False,0.9445544474613436,3.5059617706882817,1.4903925334455765,161.45972156524658
1024,8192,delta_max,0.5086289925719549,0.05258008067515142,0.5448017982858615,0.048494690520032004,-0.036172805713906575,False,0.9179564388044341,3.508008804809729,1.4924331338376564,335.0883722305298
1024,8192,sigma_h_km,0.08737652909154657,0.02803520093240094,0.14830337981784703,0.02095495687234245,-0.060926850726300455,False,0.9179564388044341,3.508008804809729,1.4924331338376564,335.0883722305298
1024,8192,sigma_v_km,-0.0002570291266147306,0.0031359005504580212,0.0013408474616351381,0.00034725609364493447,-0.0015978765882498688,False,0.9179564388044341,3.508008804809729,1.4924331338376564,335.0883722305298
1024,8192,rho_scale,0.022368684583350656,0.01149511394910844,0.022915345715802046,0.0023998658853560837,-0.0005466611324513905,False,0.9179564388044341,3.508008804809729,1.4924331338376564,335.0883722305298
1024,8192,B_scale,0.008695885339371209,0.008096480948710476,0.010316907023956873,0.0009968668331677482,-0.0016210216845856645,False,0.9179564388044341,3.508008804809729,1.4924331338376564,335.0883722305298
1024,8192,duration_h,0.2911433763448256,0.04874190496292728,0.3471611002927464,0.03802349933391371,-0.05601772394792076,False,0.9179564388044341,3.508008804809729,1.4924331338376564,335.0883722305298
2048,16384,delta_max,0.5101272602592656,0.04236774945308451,0.5442382109918786,0.03626123549025092,-0.034110950732613055,False,0.9271908034848821,3.507770068421216,1.491069991336003,670.6599740982056
2048,16384,sigma_h_km,0.09337796987208057,0.0234703186892214,0.150428423251513,0.014834925777597124,-0.057050453379432445,False,0.9271908034848821,3.507770068421216,1.491069991336003,670.6599740982056
2048,16384,sigma_v_km,0.00010558791789055105,0.001925734294748091,0.0012310091503606373,0.00022057365362485617,-0.0011254212324700863,False,0.9271908034848821,3.507770068421216,1.491069991336003,670.6599740982056
2048,16384,rho_scale,0.021318757743472878,0.008851775028416355,0.02314677925258489,0.0019252178470939444,-0.001828021509112012,False,0.9271908034848821,3.507770068421216,1.491069991336003,670.6599740982056
2048,16384,B_scale,0.008792013322772248,0.006526944247133025,0.010395439646308142,0.0008594185705436498,-0.001603426323535894,False,0.9271908034848821,3.507770068421216,1.491069991336003,670.6599740982056
2048,16384,duration_h,0.2934692143694004,0.03667827360420092,0.34678863145457944,0.03104545934797268,-0.053319417085179066,False,0.9271908034848821,3.507770068421216,1.491069991336003,670.6599740982056
